CREATE DATABASE  IF NOT EXISTS `furniture_shop` /*!40100 DEFAULT CHARACTER SET utf8mb4 COLLATE utf8mb4_0900_ai_ci */ /*!80016 DEFAULT ENCRYPTION='N' */;
USE `furniture_shop`;
-- MySQL dump 10.13  Distrib 8.0.30, for Win64 (x86_64)
--
-- Host: localhost    Database: furniture_shop
-- ------------------------------------------------------
-- Server version	8.0.30

/*!40101 SET @OLD_CHARACTER_SET_CLIENT=@@CHARACTER_SET_CLIENT */;
/*!40101 SET @OLD_CHARACTER_SET_RESULTS=@@CHARACTER_SET_RESULTS */;
/*!40101 SET @OLD_COLLATION_CONNECTION=@@COLLATION_CONNECTION */;
/*!50503 SET NAMES utf8 */;
/*!40103 SET @OLD_TIME_ZONE=@@TIME_ZONE */;
/*!40103 SET TIME_ZONE='+00:00' */;
/*!40014 SET @OLD_UNIQUE_CHECKS=@@UNIQUE_CHECKS, UNIQUE_CHECKS=0 */;
/*!40014 SET @OLD_FOREIGN_KEY_CHECKS=@@FOREIGN_KEY_CHECKS, FOREIGN_KEY_CHECKS=0 */;
/*!40101 SET @OLD_SQL_MODE=@@SQL_MODE, SQL_MODE='NO_AUTO_VALUE_ON_ZERO' */;
/*!40111 SET @OLD_SQL_NOTES=@@SQL_NOTES, SQL_NOTES=0 */;

--
-- Table structure for table `attributes_categories`
--

DROP TABLE IF EXISTS `attributes_categories`;
/*!40101 SET @saved_cs_client     = @@character_set_client */;
/*!50503 SET character_set_client = utf8mb4 */;
CREATE TABLE `attributes_categories` (
  `id` int NOT NULL AUTO_INCREMENT,
  `attribute_id` int NOT NULL,
  `category_id` int NOT NULL,
  PRIMARY KEY (`id`),
  KEY `fk_ac_attributes_idx` (`attribute_id`),
  KEY `fk_ac_categories_idx` (`category_id`),
  CONSTRAINT `fk_ac_attributes` FOREIGN KEY (`attribute_id`) REFERENCES `products_attributes` (`id`),
  CONSTRAINT `fk_ac_categories` FOREIGN KEY (`category_id`) REFERENCES `categories` (`id`)
) ENGINE=InnoDB AUTO_INCREMENT=317 DEFAULT CHARSET=utf8mb4 COLLATE=utf8mb4_0900_ai_ci;
/*!40101 SET character_set_client = @saved_cs_client */;

--
-- Dumping data for table `attributes_categories`
--

LOCK TABLES `attributes_categories` WRITE;
/*!40000 ALTER TABLE `attributes_categories` DISABLE KEYS */;
INSERT INTO `attributes_categories` VALUES (1,1,7),(2,2,7),(3,3,7),(4,4,7),(5,5,7),(6,6,7),(7,7,7),(8,8,7),(9,9,7),(10,11,7),(11,12,7),(12,14,7),(13,15,7),(14,18,7),(15,19,7),(16,21,7),(17,30,7),(18,31,7),(19,1,8),(20,2,8),(21,3,8),(22,4,8),(23,5,8),(24,6,8),(25,7,8),(26,8,8),(27,9,8),(28,11,8),(29,12,8),(30,13,8),(31,14,8),(32,15,8),(33,18,8),(34,19,8),(35,24,8),(36,25,8),(37,1,9),(38,2,9),(39,3,9),(40,4,9),(41,5,9),(42,6,9),(43,7,9),(44,8,9),(45,9,9),(46,11,9),(47,12,9),(48,13,9),(49,14,9),(50,15,9),(51,18,9),(52,19,9),(53,24,9),(54,1,10),(55,2,10),(56,3,10),(57,4,10),(58,5,10),(59,6,10),(60,7,10),(61,8,10),(62,9,10),(63,11,10),(64,12,10),(65,13,10),(66,14,10),(67,15,10),(68,24,10),(69,32,10),(70,1,11),(71,2,11),(72,3,11),(73,4,11),(74,5,11),(75,6,11),(76,7,11),(77,8,11),(78,9,11),(79,11,11),(80,12,11),(81,13,11),(82,14,11),(83,15,11),(84,20,11),(85,22,11),(86,24,11),(87,27,11),(88,28,11),(89,29,11),(90,35,11),(91,36,11),(92,1,12),(93,2,12),(94,3,12),(95,12,12),(96,14,12),(97,15,12),(98,26,12),(99,27,12),(100,33,12),(101,38,12),(102,1,13),(103,2,13),(104,3,13),(105,5,13),(106,6,13),(107,7,13),(108,8,13),(109,9,13),(110,11,13),(111,12,13),(112,13,13),(113,14,13),(114,15,13),(115,24,13),(116,1,14),(117,2,14),(118,3,14),(119,4,14),(120,5,14),(121,6,14),(122,7,14),(123,8,14),(124,9,14),(125,11,14),(126,12,14),(127,13,14),(128,14,14),(129,15,14),(130,1,15),(131,2,15),(132,3,15),(133,4,15),(134,5,15),(135,6,15),(136,7,15),(137,8,15),(138,9,15),(139,11,15),(140,12,15),(141,13,15),(142,14,15),(143,15,15),(144,16,15),(145,17,15),(146,24,15),(147,26,15),(148,1,16),(149,2,16),(150,3,16),(151,5,16),(152,6,16),(153,7,16),(154,8,16),(155,9,16),(156,11,16),(157,12,16),(158,13,16),(159,14,16),(160,15,16),(161,24,16),(162,33,16),(163,34,16),(164,1,17),(165,2,17),(166,3,17),(167,4,17),(168,5,17),(169,6,17),(170,7,17),(171,8,17),(172,9,17),(173,11,17),(174,12,17),(175,13,17),(176,14,17),(177,15,17),(178,18,17),(179,19,17),(180,24,17),(181,25,17),(182,1,19),(183,2,19),(184,3,19),(185,4,19),(186,5,19),(187,6,19),(188,7,19),(189,8,19),(190,9,19),(191,11,19),(192,12,19),(193,13,19),(194,14,19),(195,15,19),(196,17,19),(197,24,19),(198,26,19),(199,34,19),(200,1,21),(201,2,21),(202,3,21),(203,4,21),(204,5,21),(205,6,21),(206,7,21),(207,8,21),(208,9,21),(209,11,21),(210,12,21),(211,13,21),(212,14,21),(213,15,21),(214,24,21),(215,32,21),(216,1,23),(217,2,23),(218,3,23),(219,4,23),(220,5,23),(221,6,23),(222,7,23),(223,8,23),(224,9,23),(225,11,23),(226,12,23),(227,13,23),(228,14,23),(229,15,23),(230,30,23),(231,31,23),(232,1,24),(233,2,24),(234,3,24),(235,4,24),(236,5,24),(237,6,24),(238,7,24),(239,8,24),(240,9,24),(241,11,24),(242,12,24),(243,13,24),(244,14,24),(245,15,24),(246,16,24),(247,17,24),(248,24,24),(249,26,24),(250,1,25),(251,2,25),(252,3,25),(253,4,25),(254,5,25),(255,6,25),(256,7,25),(257,8,25),(258,9,25),(259,11,25),(260,12,25),(261,13,25),(262,14,25),(263,15,25),(264,20,25),(265,22,25),(266,24,25),(267,27,25),(268,28,25),(269,29,25),(270,35,25),(271,36,25),(272,1,26),(273,2,26),(274,3,26),(275,12,26),(276,14,26),(277,15,26),(278,26,26),(279,27,26),(280,33,26),(281,37,26),(282,38,26),(283,1,27),(284,2,27),(285,3,27),(286,4,27),(287,5,27),(288,6,27),(289,7,27),(290,8,27),(291,9,27),(292,11,27),(293,12,27),(294,13,27),(295,14,27),(296,15,27),(297,1,30),(298,2,30),(299,3,30),(300,4,30),(301,5,30),(302,6,30),(303,7,30),(304,8,30),(305,9,30),(306,11,30),(307,12,30),(308,13,30),(309,14,30),(310,15,30),(311,16,30),(312,17,30),(313,24,30),(314,26,30),(315,39,12),(316,40,12);
/*!40000 ALTER TABLE `attributes_categories` ENABLE KEYS */;
UNLOCK TABLES;

--
-- Table structure for table `attributes_values`
--

DROP TABLE IF EXISTS `attributes_values`;
/*!40101 SET @saved_cs_client     = @@character_set_client */;
/*!50503 SET character_set_client = utf8mb4 */;
CREATE TABLE `attributes_values` (
  `id` int NOT NULL AUTO_INCREMENT,
  `attribute_id` int NOT NULL,
  `product_id` int NOT NULL,
  `txt_values` varchar(200) DEFAULT NULL,
  `int_value` int DEFAULT NULL,
  `float_value` float DEFAULT NULL,
  `double_value` double DEFAULT NULL,
  `bool_value` tinyint DEFAULT NULL,
  `date_value` date DEFAULT NULL,
  PRIMARY KEY (`id`),
  KEY `fk_atributes_values_products_idx` (`product_id`),
  KEY `fk_attributes_values_attribute_idx` (`attribute_id`),
  KEY `product_id_idx` (`product_id`) /*!80000 INVISIBLE */,
  KEY `attribute_id_idx` (`attribute_id`),
  CONSTRAINT `fk_attributes_values_attribute` FOREIGN KEY (`attribute_id`) REFERENCES `products_attributes` (`id`),
  CONSTRAINT `fk_attributes_values_products` FOREIGN KEY (`product_id`) REFERENCES `products` (`id`)
) ENGINE=InnoDB AUTO_INCREMENT=1009 DEFAULT CHARSET=utf8mb4 COLLATE=utf8mb4_0900_ai_ci COMMENT='Поле product_id в данной таблице ссылается именно на запись в таблице товаров, а не вариантов товаров, поскольку для разных вариантов исполнения характеристики остаются одними и теме же, меняется только представление товара (фотографии галереи и preview)';
/*!40101 SET character_set_client = @saved_cs_client */;

--
-- Dumping data for table `attributes_values`
--

LOCK TABLES `attributes_values` WRITE;
/*!40000 ALTER TABLE `attributes_values` DISABLE KEYS */;
INSERT INTO `attributes_values` VALUES (1,1,1,NULL,662,NULL,NULL,NULL,NULL),(2,2,1,NULL,728,NULL,NULL,NULL,NULL),(3,3,1,NULL,634,NULL,NULL,NULL,NULL),(4,4,1,NULL,745,NULL,NULL,NULL,NULL),(5,5,1,'Велюр',NULL,NULL,NULL,NULL,NULL),(6,6,1,'Современный',NULL,NULL,NULL,NULL,NULL),(7,7,1,'Раскладной',NULL,NULL,NULL,NULL,NULL),(8,8,1,NULL,NULL,NULL,NULL,NULL,NULL),(9,9,1,NULL,NULL,NULL,NULL,NULL,NULL),(10,11,1,'12 мес.',NULL,NULL,NULL,NULL,NULL),(11,12,1,'Россия',NULL,NULL,NULL,NULL,NULL),(12,13,1,'Для спальни',NULL,NULL,NULL,NULL,NULL),(13,14,1,'Дорогие',NULL,NULL,NULL,NULL,NULL),(14,15,1,'С подлокотниками',NULL,NULL,NULL,NULL,NULL),(15,15,1,'Со спальным местом',NULL,NULL,NULL,NULL,NULL),(16,15,1,'С подушками',NULL,NULL,NULL,NULL,NULL),(17,16,1,'Аккордеон',NULL,NULL,NULL,NULL,NULL),(18,17,1,'Дерево',NULL,NULL,NULL,NULL,NULL),(19,24,1,'Классическая',NULL,NULL,NULL,NULL,NULL),(20,26,1,'ППУ',NULL,NULL,NULL,NULL,NULL),(21,1,2,NULL,545,NULL,NULL,NULL,NULL),(22,2,2,NULL,507,NULL,NULL,NULL,NULL),(23,3,2,NULL,660,NULL,NULL,NULL,NULL),(24,4,2,NULL,758,NULL,NULL,NULL,NULL),(25,5,2,'Велюр',NULL,NULL,NULL,NULL,NULL),(26,6,2,'Современный',NULL,NULL,NULL,NULL,NULL),(27,7,2,'Раскладной',NULL,NULL,NULL,NULL,NULL),(28,8,2,NULL,NULL,NULL,NULL,NULL,NULL),(29,9,2,NULL,NULL,NULL,NULL,NULL,NULL),(30,11,2,'12 мес.',NULL,NULL,NULL,NULL,NULL),(31,12,2,'Россия',NULL,NULL,NULL,NULL,NULL),(32,13,2,'Для спальни',NULL,NULL,NULL,NULL,NULL),(33,14,2,'Дорогие',NULL,NULL,NULL,NULL,NULL),(34,15,2,'С подлокотниками',NULL,NULL,NULL,NULL,NULL),(35,15,2,'Со спальным местом',NULL,NULL,NULL,NULL,NULL),(36,16,2,'Аккордеон',NULL,NULL,NULL,NULL,NULL),(37,17,2,'Металлокаркас',NULL,NULL,NULL,NULL,NULL),(38,24,2,'Классическая',NULL,NULL,NULL,NULL,NULL),(39,26,2,'ППУ',NULL,NULL,NULL,NULL,NULL),(40,1,3,NULL,533,NULL,NULL,NULL,NULL),(41,2,3,NULL,669,NULL,NULL,NULL,NULL),(42,3,3,NULL,727,NULL,NULL,NULL,NULL),(43,4,3,NULL,608,NULL,NULL,NULL,NULL),(44,5,3,'Кожа',NULL,NULL,NULL,NULL,NULL),(45,6,3,'Современный',NULL,NULL,NULL,NULL,NULL),(46,7,3,'Раскладной',NULL,NULL,NULL,NULL,NULL),(47,8,3,NULL,NULL,NULL,NULL,NULL,NULL),(48,9,3,NULL,NULL,NULL,NULL,NULL,NULL),(49,11,3,'12 мес.',NULL,NULL,NULL,NULL,NULL),(50,12,3,'Россия',NULL,NULL,NULL,NULL,NULL),(51,13,3,'Для спальни',NULL,NULL,NULL,NULL,NULL),(52,14,3,'Дорогие',NULL,NULL,NULL,NULL,NULL),(53,15,3,'С подлокотниками',NULL,NULL,NULL,NULL,NULL),(54,15,3,'Со спальным местом',NULL,NULL,NULL,NULL,NULL),(55,16,3,'Тик-так. Еврокнижка',NULL,NULL,NULL,NULL,NULL),(56,17,3,'Металлокаркас',NULL,NULL,NULL,NULL,NULL),(57,24,3,'Классическая',NULL,NULL,NULL,NULL,NULL),(58,26,3,'ППУ',NULL,NULL,NULL,NULL,NULL),(59,1,4,NULL,618,NULL,NULL,NULL,NULL),(60,2,4,NULL,505,NULL,NULL,NULL,NULL),(61,3,4,NULL,694,NULL,NULL,NULL,NULL),(62,4,4,NULL,674,NULL,NULL,NULL,NULL),(63,5,4,'Велюр',NULL,NULL,NULL,NULL,NULL),(64,6,4,'Современный',NULL,NULL,NULL,NULL,NULL),(65,7,4,'Раскладной',NULL,NULL,NULL,NULL,NULL),(66,8,4,NULL,NULL,NULL,NULL,NULL,NULL),(67,9,4,NULL,NULL,NULL,NULL,NULL,NULL),(68,11,4,'18 месяцев',NULL,NULL,NULL,NULL,NULL),(69,12,4,'Россия',NULL,NULL,NULL,NULL,NULL),(70,13,4,'Для спальни',NULL,NULL,NULL,NULL,NULL),(71,14,4,'Дорогие',NULL,NULL,NULL,NULL,NULL),(72,15,4,'Со спальным местом',NULL,NULL,NULL,NULL,NULL),(73,16,4,'Пантограф',NULL,NULL,NULL,NULL,NULL),(74,17,4,'Металл',NULL,NULL,NULL,NULL,NULL),(75,24,4,'Классическая',NULL,NULL,NULL,NULL,NULL),(76,26,4,'ППУ',NULL,NULL,NULL,NULL,NULL),(77,1,5,NULL,528,NULL,NULL,NULL,NULL),(78,2,5,NULL,636,NULL,NULL,NULL,NULL),(79,3,5,NULL,577,NULL,NULL,NULL,NULL),(80,4,5,NULL,738,NULL,NULL,NULL,NULL),(81,5,5,'Велюр',NULL,NULL,NULL,NULL,NULL),(82,6,5,'Современный',NULL,NULL,NULL,NULL,NULL),(83,7,5,'Прямой',NULL,NULL,NULL,NULL,NULL),(84,8,5,NULL,NULL,NULL,NULL,NULL,NULL),(85,9,5,NULL,NULL,NULL,NULL,NULL,NULL),(86,11,5,'18 месяцев',NULL,NULL,NULL,NULL,NULL),(87,12,5,'Россия',NULL,NULL,NULL,NULL,NULL),(88,13,5,'Для гостинной',NULL,NULL,NULL,NULL,NULL),(89,14,5,'Дорогие',NULL,NULL,NULL,NULL,NULL),(90,15,5,'С подлокотниками',NULL,NULL,NULL,NULL,NULL),(91,15,5,'Спальное место интегрировано',NULL,NULL,NULL,NULL,NULL),(92,16,5,NULL,NULL,NULL,NULL,NULL,NULL),(93,17,5,'Металл',NULL,NULL,NULL,NULL,NULL),(94,24,5,'Классическая',NULL,NULL,NULL,NULL,NULL),(95,26,5,'ППУ',NULL,NULL,NULL,NULL,NULL),(96,1,6,NULL,680,NULL,NULL,NULL,NULL),(97,2,6,NULL,686,NULL,NULL,NULL,NULL),(98,3,6,NULL,629,NULL,NULL,NULL,NULL),(99,4,6,NULL,106,NULL,NULL,NULL,NULL),(100,5,6,'ЛДСП',NULL,NULL,NULL,NULL,NULL),(101,5,6,'МДФ',NULL,NULL,NULL,NULL,NULL),(102,6,6,NULL,NULL,NULL,NULL,NULL,NULL),(103,7,6,NULL,NULL,NULL,NULL,NULL,NULL),(104,8,6,NULL,NULL,NULL,NULL,NULL,NULL),(105,9,6,NULL,11,NULL,NULL,NULL,NULL),(106,11,6,NULL,NULL,NULL,NULL,NULL,NULL),(107,12,6,NULL,NULL,NULL,NULL,NULL,NULL),(108,14,6,'Средняя',NULL,NULL,NULL,NULL,NULL),(109,15,6,NULL,NULL,NULL,NULL,NULL,NULL),(110,18,6,'Столешница \"Антарес\"',NULL,NULL,NULL,NULL,NULL),(111,19,6,NULL,NULL,NULL,NULL,NULL,NULL),(112,21,6,'МДФ',NULL,NULL,NULL,NULL,NULL),(113,30,6,NULL,NULL,NULL,NULL,NULL,NULL),(114,31,6,NULL,NULL,NULL,NULL,NULL,NULL),(115,1,7,NULL,506,NULL,NULL,NULL,NULL),(116,2,7,NULL,626,NULL,NULL,NULL,NULL),(117,3,7,NULL,592,NULL,NULL,NULL,NULL),(118,4,7,NULL,107,NULL,NULL,NULL,NULL),(119,5,7,'ЛДСП',NULL,NULL,NULL,NULL,NULL),(120,6,7,NULL,NULL,NULL,NULL,NULL,NULL),(121,7,7,NULL,NULL,NULL,NULL,NULL,NULL),(122,8,7,NULL,NULL,NULL,NULL,NULL,NULL),(123,9,7,NULL,9,NULL,NULL,NULL,NULL),(124,11,7,NULL,NULL,NULL,NULL,NULL,NULL),(125,12,7,NULL,NULL,NULL,NULL,NULL,NULL),(126,14,7,'Средняя',NULL,NULL,NULL,NULL,NULL),(127,15,7,NULL,NULL,NULL,NULL,NULL,NULL),(128,18,7,'ЛДСП',NULL,NULL,NULL,NULL,NULL),(129,19,7,NULL,NULL,NULL,NULL,NULL,NULL),(130,21,7,'МДФ',NULL,NULL,NULL,NULL,NULL),(131,30,7,NULL,NULL,NULL,NULL,NULL,NULL),(132,31,7,NULL,NULL,NULL,NULL,NULL,NULL),(133,1,8,NULL,705,NULL,NULL,NULL,NULL),(134,2,8,NULL,575,NULL,NULL,NULL,NULL),(135,3,8,NULL,521,NULL,NULL,NULL,NULL),(136,4,8,NULL,99,NULL,NULL,NULL,NULL),(137,5,8,'ЛДСП',NULL,NULL,NULL,NULL,NULL),(138,5,8,'МДФ',NULL,NULL,NULL,NULL,NULL),(139,6,8,NULL,NULL,NULL,NULL,NULL,NULL),(140,7,8,NULL,NULL,NULL,NULL,NULL,NULL),(141,8,8,NULL,NULL,NULL,NULL,NULL,NULL),(142,9,8,NULL,10,NULL,NULL,NULL,NULL),(143,11,8,NULL,NULL,NULL,NULL,NULL,NULL),(144,12,8,NULL,NULL,NULL,NULL,NULL,NULL),(145,14,8,'Средняя',NULL,NULL,NULL,NULL,NULL),(146,15,8,NULL,NULL,NULL,NULL,NULL,NULL),(147,18,8,'ЛДСП',NULL,NULL,NULL,NULL,NULL),(148,19,8,NULL,NULL,NULL,NULL,NULL,NULL),(149,21,8,'МДФ “Блёстки Оранж',NULL,NULL,NULL,NULL,NULL),(150,30,8,NULL,NULL,NULL,NULL,NULL,NULL),(151,31,8,NULL,NULL,NULL,NULL,NULL,NULL),(152,1,9,NULL,634,NULL,NULL,NULL,NULL),(153,2,9,NULL,582,NULL,NULL,NULL,NULL),(154,3,9,NULL,506,NULL,NULL,NULL,NULL),(155,4,9,NULL,113,NULL,NULL,NULL,NULL),(156,5,9,'ЛДСП',NULL,NULL,NULL,NULL,NULL),(157,6,9,NULL,NULL,NULL,NULL,NULL,NULL),(158,7,9,NULL,NULL,NULL,NULL,NULL,NULL),(159,8,9,NULL,NULL,NULL,NULL,NULL,NULL),(160,9,9,NULL,8,NULL,NULL,NULL,NULL),(161,11,9,NULL,NULL,NULL,NULL,NULL,NULL),(162,12,9,NULL,NULL,NULL,NULL,NULL,NULL),(163,14,9,'Низкая',NULL,NULL,NULL,NULL,NULL),(164,15,9,NULL,NULL,NULL,NULL,NULL,NULL),(165,18,9,'ЛДСП',NULL,NULL,NULL,NULL,NULL),(166,19,9,NULL,NULL,NULL,NULL,NULL,NULL),(167,21,9,'ЛДСП Белый',NULL,NULL,NULL,NULL,NULL),(168,30,9,NULL,NULL,NULL,NULL,NULL,NULL),(169,31,9,NULL,NULL,NULL,NULL,NULL,NULL),(170,1,10,NULL,597,NULL,NULL,NULL,NULL),(171,2,10,NULL,638,NULL,NULL,NULL,NULL),(172,3,10,NULL,642,NULL,NULL,NULL,NULL),(173,4,10,NULL,114,NULL,NULL,NULL,NULL),(174,5,10,'ЛДСП',NULL,NULL,NULL,NULL,NULL),(175,5,10,'МДФ',NULL,NULL,NULL,NULL,NULL),(176,6,10,NULL,NULL,NULL,NULL,NULL,NULL),(177,7,10,NULL,NULL,NULL,NULL,NULL,NULL),(178,8,10,NULL,NULL,NULL,NULL,NULL,NULL),(179,9,10,NULL,12,NULL,NULL,NULL,NULL),(180,11,10,'Нет',NULL,NULL,NULL,NULL,NULL),(181,12,10,NULL,NULL,NULL,NULL,NULL,NULL),(182,14,10,'Средняя',NULL,NULL,NULL,NULL,NULL),(183,15,10,NULL,NULL,NULL,NULL,NULL,NULL),(184,18,10,'ЛДСП',NULL,NULL,NULL,NULL,NULL),(185,19,10,NULL,NULL,NULL,NULL,NULL,NULL),(186,21,10,'МДФ “Блёстки Оранж”',NULL,NULL,NULL,NULL,NULL),(187,30,10,NULL,NULL,NULL,NULL,NULL,NULL),(188,31,10,NULL,NULL,NULL,NULL,NULL,NULL),(189,1,11,NULL,729,NULL,NULL,NULL,NULL),(190,2,11,NULL,557,NULL,NULL,NULL,NULL),(191,3,11,NULL,619,NULL,NULL,NULL,NULL),(192,4,11,NULL,95,NULL,NULL,NULL,NULL),(193,5,11,NULL,NULL,NULL,NULL,NULL,NULL),(194,6,11,NULL,NULL,NULL,NULL,NULL,NULL),(195,7,11,NULL,NULL,NULL,NULL,NULL,NULL),(196,8,11,NULL,NULL,NULL,NULL,NULL,NULL),(197,9,11,NULL,NULL,NULL,NULL,NULL,NULL),(198,11,11,NULL,NULL,NULL,NULL,NULL,NULL),(199,12,11,NULL,NULL,NULL,NULL,NULL,NULL),(200,13,11,NULL,NULL,NULL,NULL,NULL,NULL),(201,14,11,NULL,8,NULL,NULL,NULL,NULL),(202,15,11,NULL,NULL,NULL,NULL,NULL,NULL),(203,18,11,NULL,NULL,NULL,NULL,NULL,NULL),(204,19,11,NULL,NULL,NULL,NULL,NULL,NULL),(205,24,11,NULL,NULL,NULL,NULL,NULL,NULL),(206,1,12,NULL,717,NULL,NULL,NULL,NULL),(207,2,12,NULL,748,NULL,NULL,NULL,NULL),(208,3,12,NULL,570,NULL,NULL,NULL,NULL),(209,4,12,NULL,35,NULL,NULL,NULL,NULL),(210,5,12,'Металл',NULL,NULL,NULL,NULL,NULL),(211,5,12,'МДФ',NULL,NULL,NULL,NULL,NULL),(212,6,12,'Современный',NULL,NULL,NULL,NULL,NULL),(213,7,12,'Раздвижной',NULL,NULL,NULL,NULL,NULL),(214,8,12,'Маленькие',NULL,NULL,NULL,NULL,NULL),(215,9,12,NULL,9,NULL,NULL,NULL,NULL),(216,11,12,NULL,NULL,NULL,NULL,NULL,NULL),(217,12,12,NULL,NULL,NULL,NULL,NULL,NULL),(218,13,12,'Для кухни',NULL,NULL,NULL,NULL,NULL),(219,14,12,'Дорогие',NULL,NULL,NULL,NULL,NULL),(220,15,12,NULL,NULL,NULL,NULL,NULL,NULL),(221,18,12,'МДФ',NULL,NULL,NULL,NULL,NULL),(222,19,12,'металл',NULL,NULL,NULL,NULL,NULL),(223,24,12,'Прямоугольные',NULL,NULL,NULL,NULL,NULL),(224,25,12,NULL,4,NULL,NULL,NULL,NULL),(225,1,13,NULL,684,NULL,NULL,NULL,NULL),(226,2,13,NULL,663,NULL,NULL,NULL,NULL),(227,3,13,NULL,505,NULL,NULL,NULL,NULL),(228,4,13,NULL,44,NULL,NULL,NULL,NULL),(229,5,13,'Металл',NULL,NULL,NULL,NULL,NULL),(230,5,13,'ЛДСП',NULL,NULL,NULL,NULL,NULL),(231,6,13,'Современный',NULL,NULL,NULL,NULL,NULL),(232,7,13,'Раздвижной',NULL,NULL,NULL,NULL,NULL),(233,8,13,'Маленькие',NULL,NULL,NULL,NULL,NULL),(234,9,13,NULL,12,NULL,NULL,NULL,NULL),(235,11,13,NULL,NULL,NULL,NULL,NULL,NULL),(236,12,13,NULL,NULL,NULL,NULL,NULL,NULL),(237,13,13,'Для кухни',NULL,NULL,NULL,NULL,NULL),(238,14,13,'Дорогие',NULL,NULL,NULL,NULL,NULL),(239,15,13,NULL,NULL,NULL,NULL,NULL,NULL),(240,18,13,'ЛДСП',NULL,NULL,NULL,NULL,NULL),(241,19,13,'металл',NULL,NULL,NULL,NULL,NULL),(242,24,13,'Прямоугольные',NULL,NULL,NULL,NULL,NULL),(243,25,13,NULL,4,NULL,NULL,NULL,NULL),(244,1,14,NULL,610,NULL,NULL,NULL,NULL),(245,2,14,NULL,519,NULL,NULL,NULL,NULL),(246,3,14,NULL,526,NULL,NULL,NULL,NULL),(247,4,14,NULL,42,NULL,NULL,NULL,NULL),(248,5,14,'Дерево',NULL,NULL,NULL,NULL,NULL),(249,5,14,'Шпон',NULL,NULL,NULL,NULL,NULL),(250,6,14,'Современный',NULL,NULL,NULL,NULL,NULL),(251,7,14,'Раздвижной',NULL,NULL,NULL,NULL,NULL),(252,8,14,'Маленькие',NULL,NULL,NULL,NULL,NULL),(253,9,14,NULL,12,NULL,NULL,NULL,NULL),(254,11,14,NULL,NULL,NULL,NULL,NULL,NULL),(255,12,14,NULL,NULL,NULL,NULL,NULL,NULL),(256,13,14,'Для кухни',NULL,NULL,NULL,NULL,NULL),(257,14,14,'Дорогие',NULL,NULL,NULL,NULL,NULL),(258,15,14,NULL,NULL,NULL,NULL,NULL,NULL),(259,18,14,'Дерево. Шпон',NULL,NULL,NULL,NULL,NULL),(260,19,14,'массив',NULL,NULL,NULL,NULL,NULL),(261,24,14,'Круглый',NULL,NULL,NULL,NULL,NULL),(262,25,14,NULL,4,NULL,NULL,NULL,NULL),(263,1,15,NULL,669,NULL,NULL,NULL,NULL),(264,2,15,NULL,748,NULL,NULL,NULL,NULL),(265,3,15,NULL,715,NULL,NULL,NULL,NULL),(266,4,15,NULL,42,NULL,NULL,NULL,NULL),(267,5,15,'Массив',NULL,NULL,NULL,NULL,NULL),(268,6,15,'Скандинавский (IKEA)',NULL,NULL,NULL,NULL,NULL),(269,7,15,'Раздвижной',NULL,NULL,NULL,NULL,NULL),(270,8,15,'Маленькие',NULL,NULL,NULL,NULL,NULL),(271,9,15,NULL,8,NULL,NULL,NULL,NULL),(272,11,15,NULL,NULL,NULL,NULL,NULL,NULL),(273,12,15,'Беларусь',NULL,NULL,NULL,NULL,NULL),(274,13,15,'Для кухни',NULL,NULL,NULL,NULL,NULL),(275,14,15,'Дорогие',NULL,NULL,NULL,NULL,NULL),(276,15,15,NULL,NULL,NULL,NULL,NULL,NULL),(277,18,15,'массив',NULL,NULL,NULL,NULL,NULL),(278,19,15,'массив',NULL,NULL,NULL,NULL,NULL),(279,24,15,'Круглый',NULL,NULL,NULL,NULL,NULL),(280,25,15,NULL,4,NULL,NULL,NULL,NULL),(281,1,16,NULL,633,NULL,NULL,NULL,NULL),(282,2,16,NULL,753,NULL,NULL,NULL,NULL),(283,3,16,NULL,585,NULL,NULL,NULL,NULL),(284,4,16,NULL,29,NULL,NULL,NULL,NULL),(285,5,16,'МДФ',NULL,NULL,NULL,NULL,NULL),(286,5,16,'шпон',NULL,NULL,NULL,NULL,NULL),(287,6,16,'Классический',NULL,NULL,NULL,NULL,NULL),(288,7,16,'Раздвижной',NULL,NULL,NULL,NULL,NULL),(289,8,16,'Большие',NULL,NULL,NULL,NULL,NULL),(290,9,16,NULL,9,NULL,NULL,NULL,NULL),(291,11,16,NULL,NULL,NULL,NULL,NULL,NULL),(292,12,16,'Россия',NULL,NULL,NULL,NULL,NULL),(293,13,16,'Для кухни',NULL,NULL,NULL,NULL,NULL),(294,14,16,'Дорогие',NULL,NULL,NULL,NULL,NULL),(295,15,16,'С одной ножкой',NULL,NULL,NULL,NULL,NULL),(296,18,16,'МДФ.Шпон',NULL,NULL,NULL,NULL,NULL),(297,19,16,'массив',NULL,NULL,NULL,NULL,NULL),(298,24,16,'Круглые',NULL,NULL,NULL,NULL,NULL),(299,1,17,NULL,693,NULL,NULL,NULL,NULL),(300,2,17,NULL,758,NULL,NULL,NULL,NULL),(301,3,17,NULL,688,NULL,NULL,NULL,NULL),(302,4,17,NULL,31,NULL,NULL,NULL,NULL),(303,5,17,'Дерево',NULL,NULL,NULL,NULL,NULL),(304,5,17,'МДФ',NULL,NULL,NULL,NULL,NULL),(305,6,17,'Классический',NULL,NULL,NULL,NULL,NULL),(306,7,17,'Раздвижной',NULL,NULL,NULL,NULL,NULL),(307,8,17,'Большие.Широкие',NULL,NULL,NULL,NULL,NULL),(308,9,17,NULL,12,NULL,NULL,NULL,NULL),(309,11,17,NULL,NULL,NULL,NULL,NULL,NULL),(310,12,17,'Россия',NULL,NULL,NULL,NULL,NULL),(311,13,17,'Для кухни',NULL,NULL,NULL,NULL,NULL),(312,14,17,'Дорогие',NULL,NULL,NULL,NULL,NULL),(313,15,17,'Матовые',NULL,NULL,NULL,NULL,NULL),(314,18,17,'Дерево.МДФ',NULL,NULL,NULL,NULL,NULL),(315,19,17,'массив',NULL,NULL,NULL,NULL,NULL),(316,24,17,'Овальные',NULL,NULL,NULL,NULL,NULL),(317,1,18,NULL,603,NULL,NULL,NULL,NULL),(318,2,18,NULL,701,NULL,NULL,NULL,NULL),(319,3,18,NULL,676,NULL,NULL,NULL,NULL),(320,4,18,NULL,48,NULL,NULL,NULL,NULL),(321,5,18,'ЛДСП',NULL,NULL,NULL,NULL,NULL),(322,6,18,NULL,NULL,NULL,NULL,NULL,NULL),(323,7,18,'Раскладной',NULL,NULL,NULL,NULL,NULL),(324,8,18,'Маленькие.Широкие',NULL,NULL,NULL,NULL,NULL),(325,9,18,NULL,10,NULL,NULL,NULL,NULL),(326,11,18,NULL,NULL,NULL,NULL,NULL,NULL),(327,12,18,'Россия',NULL,NULL,NULL,NULL,NULL),(328,13,18,'Для кухни',NULL,NULL,NULL,NULL,NULL),(329,14,18,'Дорогие',NULL,NULL,NULL,NULL,NULL),(330,15,18,'Матовые',NULL,NULL,NULL,NULL,NULL),(331,18,18,'ЛДСП',NULL,NULL,NULL,NULL,NULL),(332,19,18,'массив',NULL,NULL,NULL,NULL,NULL),(333,24,18,'Прямоугольные. Длинные',NULL,NULL,NULL,NULL,NULL),(334,25,18,NULL,8,NULL,NULL,NULL,NULL),(335,1,19,NULL,608,NULL,NULL,NULL,NULL),(336,2,19,NULL,527,NULL,NULL,NULL,NULL),(337,3,19,NULL,570,NULL,NULL,NULL,NULL),(338,4,19,NULL,49,NULL,NULL,NULL,NULL),(339,5,19,'Стекло',NULL,NULL,NULL,NULL,NULL),(340,5,19,'металл',NULL,NULL,NULL,NULL,NULL),(341,6,19,'Скандинавский (IKEA)',NULL,NULL,NULL,NULL,NULL),(342,7,19,'Нераскладной',NULL,NULL,NULL,NULL,NULL),(343,8,19,'',NULL,NULL,NULL,NULL,NULL),(344,9,19,NULL,10,NULL,NULL,NULL,NULL),(345,11,19,NULL,NULL,NULL,NULL,NULL,NULL),(346,12,19,'Россия',NULL,NULL,NULL,NULL,NULL),(347,13,19,'Для кухни',NULL,NULL,NULL,NULL,NULL),(348,14,19,'Дорогие',NULL,NULL,NULL,NULL,NULL),(349,15,19,'Матовые',NULL,NULL,NULL,NULL,NULL),(350,18,19,'Стекло',NULL,NULL,NULL,NULL,NULL),(351,19,19,'металл',NULL,NULL,NULL,NULL,NULL),(352,24,19,'Круглые',NULL,NULL,NULL,NULL,NULL),(353,1,20,NULL,649,NULL,NULL,NULL,NULL),(354,2,20,NULL,728,NULL,NULL,NULL,NULL),(355,3,20,NULL,672,NULL,NULL,NULL,NULL),(356,4,20,NULL,29,NULL,NULL,NULL,NULL),(357,5,20,'ЛДСП',NULL,NULL,NULL,NULL,NULL),(358,5,20,'Дерево',NULL,NULL,NULL,NULL,NULL),(359,6,20,'Скандинавский (IKEA)',NULL,NULL,NULL,NULL,NULL),(360,7,20,'Нераскладной',NULL,NULL,NULL,NULL,NULL),(361,8,20,'Средний',NULL,NULL,NULL,NULL,NULL),(362,9,20,NULL,10,NULL,NULL,NULL,NULL),(363,11,20,NULL,NULL,NULL,NULL,NULL,NULL),(364,12,20,'Россия',NULL,NULL,NULL,NULL,NULL),(365,13,20,'Для кухни',NULL,NULL,NULL,NULL,NULL),(366,14,20,'Дорогие',NULL,NULL,NULL,NULL,NULL),(367,15,20,'Матовые',NULL,NULL,NULL,NULL,NULL),(368,18,20,'Дерево.',NULL,NULL,NULL,NULL,NULL),(369,19,20,'массив',NULL,NULL,NULL,NULL,NULL),(370,24,20,'Овальные',NULL,NULL,NULL,NULL,NULL),(371,1,21,NULL,526,NULL,NULL,NULL,NULL),(372,2,21,NULL,555,NULL,NULL,NULL,NULL),(373,3,21,NULL,697,NULL,NULL,NULL,NULL),(374,4,21,NULL,45,NULL,NULL,NULL,NULL),(375,5,21,'ЛДСП',NULL,NULL,NULL,NULL,NULL),(376,6,21,'Дерево',NULL,NULL,NULL,NULL,NULL),(377,7,21,'Скандинавский (IKEA)',NULL,NULL,NULL,NULL,NULL),(378,8,21,'Нераскладной',NULL,NULL,NULL,NULL,NULL),(379,9,21,'Средний',NULL,NULL,NULL,NULL,NULL),(380,11,21,NULL,9,NULL,NULL,NULL,NULL),(381,12,21,NULL,NULL,NULL,NULL,NULL,NULL),(382,13,21,'Россия',NULL,NULL,NULL,NULL,NULL),(383,14,21,'Для кухни',NULL,NULL,NULL,NULL,NULL),(384,15,21,'Дорогие',NULL,NULL,NULL,NULL,NULL),(385,18,21,'Матовые',NULL,NULL,NULL,NULL,NULL),(386,19,21,'Дерево.',NULL,NULL,NULL,NULL,NULL),(387,24,21,'массив',NULL,NULL,NULL,NULL,NULL),(388,1,22,NULL,533,NULL,NULL,NULL,NULL),(389,2,22,NULL,520,NULL,NULL,NULL,NULL),(390,3,22,NULL,758,NULL,NULL,NULL,NULL),(391,4,22,NULL,28,NULL,NULL,NULL,NULL),(392,5,22,'ЛДСП',NULL,NULL,NULL,NULL,NULL),(393,6,22,'Дерево',NULL,NULL,NULL,NULL,NULL),(394,7,22,'Скандинавский (IKEA)',NULL,NULL,NULL,NULL,NULL),(395,8,22,'Нераскладной',NULL,NULL,NULL,NULL,NULL),(396,9,22,'Средний',NULL,NULL,NULL,NULL,NULL),(397,11,22,NULL,8,NULL,NULL,NULL,NULL),(398,12,22,NULL,NULL,NULL,NULL,NULL,NULL),(399,13,22,'Россия',NULL,NULL,NULL,NULL,NULL),(400,14,22,'Для кухни',NULL,NULL,NULL,NULL,NULL),(401,15,22,'Дорогие',NULL,NULL,NULL,NULL,NULL),(402,18,22,'Матовые',NULL,NULL,NULL,NULL,NULL),(403,19,22,'Дерево.',NULL,NULL,NULL,NULL,NULL),(404,24,22,'массив',NULL,NULL,NULL,NULL,NULL),(405,1,23,NULL,2177,NULL,NULL,NULL,NULL),(406,2,23,NULL,2455,NULL,NULL,NULL,NULL),(407,3,23,NULL,587,NULL,NULL,NULL,NULL),(408,4,23,NULL,71,NULL,NULL,NULL,NULL),(409,5,23,'ЛДСП',NULL,NULL,NULL,NULL,NULL),(410,6,23,'Модерн',NULL,NULL,NULL,NULL,NULL),(411,7,23,NULL,NULL,NULL,NULL,NULL,NULL),(412,8,23,'Большой',NULL,NULL,NULL,NULL,NULL),(413,9,23,NULL,9,NULL,NULL,NULL,NULL),(414,11,23,'',NULL,NULL,NULL,NULL,NULL),(415,12,23,'Россия',NULL,NULL,NULL,NULL,NULL),(416,13,23,'Для гостиной',NULL,NULL,NULL,NULL,NULL),(417,14,23,'Дешевые',NULL,NULL,NULL,NULL,NULL),(418,15,23,'',NULL,NULL,NULL,NULL,NULL),(419,24,23,NULL,NULL,NULL,NULL,NULL,NULL),(420,32,23,'Настенный. Напольный.',NULL,NULL,NULL,NULL,NULL),(421,1,24,NULL,2616,NULL,NULL,NULL,NULL),(422,2,24,NULL,2846,NULL,NULL,NULL,NULL),(423,3,24,NULL,549,NULL,NULL,NULL,NULL),(424,4,24,NULL,111,NULL,NULL,NULL,NULL),(425,5,24,'МДФ',NULL,NULL,NULL,NULL,NULL),(426,5,24,'ЛДСП',NULL,NULL,NULL,NULL,NULL),(427,6,24,NULL,NULL,NULL,NULL,NULL,NULL),(428,7,24,NULL,NULL,NULL,NULL,NULL,NULL),(429,8,24,NULL,NULL,NULL,NULL,NULL,NULL),(430,9,24,NULL,10,NULL,NULL,NULL,NULL),(431,11,24,'36 месяцев',NULL,NULL,NULL,NULL,NULL),(432,12,24,NULL,NULL,NULL,NULL,NULL,NULL),(433,13,24,'Для гостиной. В спальню.',NULL,NULL,NULL,NULL,NULL),(434,14,24,'Дорогой',NULL,NULL,NULL,NULL,NULL),(435,15,24,'',NULL,NULL,NULL,NULL,NULL),(436,24,24,'',NULL,NULL,NULL,NULL,NULL),(437,32,24,'Напольный',NULL,NULL,NULL,NULL,NULL),(438,1,25,NULL,1927,NULL,NULL,NULL,NULL),(439,2,25,NULL,2134,NULL,NULL,NULL,NULL),(440,3,25,NULL,592,NULL,NULL,NULL,NULL),(441,4,25,NULL,75,NULL,NULL,NULL,NULL),(442,5,25,'ЛДСП',NULL,NULL,NULL,NULL,NULL),(443,6,25,'Современный',NULL,NULL,NULL,NULL,NULL),(444,7,25,NULL,NULL,NULL,NULL,NULL,NULL),(445,8,25,NULL,NULL,NULL,NULL,NULL,NULL),(446,9,25,NULL,8,NULL,NULL,NULL,NULL),(447,11,25,NULL,NULL,NULL,NULL,NULL,NULL),(448,12,25,'Россия',NULL,NULL,NULL,NULL,NULL),(449,13,25,'',NULL,NULL,NULL,NULL,NULL),(450,14,25,'Недорогие',NULL,NULL,NULL,NULL,NULL),(451,15,25,'С полкой',NULL,NULL,NULL,NULL,NULL),(452,15,25,'С дверцами',NULL,NULL,NULL,NULL,NULL),(453,24,25,'Прямоугольные',NULL,NULL,NULL,NULL,NULL),(454,32,25,'Напольная',NULL,NULL,NULL,NULL,NULL),(455,1,26,NULL,2556,NULL,NULL,NULL,NULL),(456,2,26,NULL,2924,NULL,NULL,NULL,NULL),(457,3,26,NULL,690,NULL,NULL,NULL,NULL),(458,4,26,NULL,112,NULL,NULL,NULL,NULL),(459,5,26,'ЛДСП',NULL,NULL,NULL,NULL,NULL),(460,6,26,'Современный, Хай-тек, Скандинавский',NULL,NULL,NULL,NULL,NULL),(461,7,26,'Прямые',NULL,NULL,NULL,NULL,NULL),(462,8,26,'Большие, Двухдверные, Стандартные',NULL,NULL,NULL,NULL,NULL),(463,9,26,NULL,11,NULL,NULL,NULL,NULL),(464,11,26,'12 месяцев',NULL,NULL,NULL,NULL,NULL),(465,12,26,'Россия',NULL,NULL,NULL,NULL,NULL),(466,13,26,'Для гостиной',NULL,NULL,NULL,NULL,NULL),(467,14,26,'Средний',NULL,NULL,NULL,NULL,NULL),(468,15,26,'',NULL,NULL,NULL,NULL,NULL),(469,24,26,'',NULL,NULL,NULL,NULL,NULL),(470,32,26,'',NULL,NULL,NULL,NULL,NULL),(471,1,27,NULL,2284,NULL,NULL,NULL,NULL),(472,2,27,NULL,2392,NULL,NULL,NULL,NULL),(473,3,27,NULL,695,NULL,NULL,NULL,NULL),(474,4,27,NULL,90,NULL,NULL,NULL,NULL),(475,5,27,'ЛДСП',NULL,NULL,NULL,NULL,NULL),(476,6,27,'Современный, Хай-тек, Скандинавский',NULL,NULL,NULL,NULL,NULL),(477,7,27,'Прямые',NULL,NULL,NULL,NULL,NULL),(478,8,27,'Большие, Двухдверные, Стандартные',NULL,NULL,NULL,NULL,NULL),(479,9,27,NULL,9,NULL,NULL,NULL,NULL),(480,11,27,'12 месяцев',NULL,NULL,NULL,NULL,NULL),(481,12,27,'Россия',NULL,NULL,NULL,NULL,NULL),(482,13,27,'Для гостиной',NULL,NULL,NULL,NULL,NULL),(483,14,27,'Средний',NULL,NULL,NULL,NULL,NULL),(484,15,27,'',NULL,NULL,NULL,NULL,NULL),(485,24,27,'',NULL,NULL,NULL,NULL,NULL),(486,32,27,'',NULL,NULL,NULL,NULL,NULL),(487,1,28,NULL,539,NULL,NULL,NULL,NULL),(488,2,28,NULL,1372,NULL,NULL,NULL,NULL),(489,3,28,NULL,1992,NULL,NULL,NULL,NULL),(490,4,28,NULL,97,NULL,NULL,NULL,NULL),(491,5,28,'ЛДСП EGGER',NULL,NULL,NULL,NULL,NULL),(492,6,28,'',NULL,NULL,NULL,NULL,NULL),(493,7,28,'',NULL,NULL,NULL,NULL,NULL),(494,8,28,'',NULL,NULL,NULL,NULL,NULL),(495,9,28,NULL,8,NULL,NULL,NULL,NULL),(496,11,28,'36 месяцев',NULL,NULL,NULL,NULL,NULL),(497,12,28,'Для спальной',NULL,NULL,NULL,NULL,NULL),(498,13,28,'',NULL,NULL,NULL,NULL,NULL),(499,14,28,'Средний',NULL,NULL,NULL,NULL,NULL),(500,15,28,'',NULL,NULL,NULL,NULL,NULL),(501,20,28,'ЛДСП',NULL,NULL,NULL,NULL,NULL),(502,22,28,'ЛДСП',NULL,NULL,NULL,NULL,NULL),(503,24,28,'',NULL,NULL,NULL,NULL,NULL),(504,27,28,'',NULL,NULL,NULL,NULL,NULL),(505,28,28,'',NULL,NULL,NULL,NULL,NULL),(506,29,28,NULL,NULL,NULL,NULL,NULL,NULL),(507,35,28,'',NULL,NULL,NULL,NULL,NULL),(508,36,28,NULL,NULL,NULL,NULL,NULL,NULL),(509,1,29,NULL,563,NULL,NULL,NULL,NULL),(510,2,29,NULL,1777,NULL,NULL,NULL,NULL),(511,3,29,NULL,2204,NULL,NULL,NULL,NULL),(512,4,29,NULL,68,NULL,NULL,NULL,NULL),(513,5,29,'ЛДСП',NULL,NULL,NULL,NULL,NULL),(514,6,29,'Скандинавский',NULL,NULL,NULL,NULL,NULL),(515,7,29,'',NULL,NULL,NULL,NULL,NULL),(516,8,29,'Средние',NULL,NULL,NULL,NULL,NULL),(517,9,29,NULL,8,NULL,NULL,NULL,NULL),(518,11,29,'12 месяцев',NULL,NULL,NULL,NULL,NULL),(519,12,29,'Для спальни',NULL,NULL,NULL,NULL,NULL),(520,13,29,'',NULL,NULL,NULL,NULL,NULL),(521,14,29,'',NULL,NULL,NULL,NULL,NULL),(522,15,29,'',NULL,NULL,NULL,NULL,NULL),(523,20,29,'ЛДСП',NULL,NULL,NULL,NULL,NULL),(524,22,29,'',NULL,NULL,NULL,NULL,NULL),(525,24,29,'Клаассчиеская',NULL,NULL,NULL,NULL,NULL),(526,27,29,'',NULL,NULL,NULL,NULL,NULL),(527,28,29,'',NULL,NULL,NULL,NULL,NULL),(528,29,29,NULL,NULL,NULL,NULL,NULL,NULL),(529,35,29,'Матрас приобретается отдельно',NULL,NULL,NULL,NULL,NULL),(530,36,29,NULL,NULL,NULL,NULL,NULL,NULL),(531,1,30,NULL,511,NULL,NULL,NULL,NULL),(532,2,30,NULL,1588,NULL,NULL,NULL,NULL),(533,3,30,NULL,2006,NULL,NULL,NULL,NULL),(534,4,30,NULL,75,NULL,NULL,NULL,NULL),(535,5,30,'ЛДСП',NULL,NULL,NULL,NULL,NULL),(536,6,30,'Скандинавский',NULL,NULL,NULL,NULL,NULL),(537,7,30,'',NULL,NULL,NULL,NULL,NULL),(538,8,30,'Средние',NULL,NULL,NULL,NULL,NULL),(539,9,30,NULL,12,NULL,NULL,NULL,NULL),(540,11,30,'12 месяцев',NULL,NULL,NULL,NULL,NULL),(541,12,30,'Для спальни',NULL,NULL,NULL,NULL,NULL),(542,13,30,'',NULL,NULL,NULL,NULL,NULL),(543,14,30,'',NULL,NULL,NULL,NULL,NULL),(544,15,30,'',NULL,NULL,NULL,NULL,NULL),(545,20,30,'ЛДСП',NULL,NULL,NULL,NULL,NULL),(546,22,30,'',NULL,NULL,NULL,NULL,NULL),(547,24,30,'Клаассчиеская',NULL,NULL,NULL,NULL,NULL),(548,27,30,'',NULL,NULL,NULL,NULL,NULL),(549,28,30,'',NULL,NULL,NULL,NULL,NULL),(550,29,30,NULL,NULL,NULL,NULL,NULL,NULL),(551,35,30,'Матрас приобретается отдельно',NULL,NULL,NULL,NULL,NULL),(552,36,30,NULL,NULL,NULL,NULL,NULL,NULL),(553,1,31,NULL,517,NULL,NULL,NULL,NULL),(554,2,31,NULL,1902,NULL,NULL,NULL,NULL),(555,3,31,NULL,2236,NULL,NULL,NULL,NULL),(556,4,31,NULL,68,NULL,NULL,NULL,NULL),(557,5,31,'ЛДСП',NULL,NULL,NULL,NULL,NULL),(558,6,31,'Скандинавский',NULL,NULL,NULL,NULL,NULL),(559,7,31,'',NULL,NULL,NULL,NULL,NULL),(560,8,31,'Средние',NULL,NULL,NULL,NULL,NULL),(561,9,31,NULL,10,NULL,NULL,NULL,NULL),(562,11,31,'12 месяцев',NULL,NULL,NULL,NULL,NULL),(563,12,31,'Для спальни',NULL,NULL,NULL,NULL,NULL),(564,13,31,'',NULL,NULL,NULL,NULL,NULL),(565,14,31,'',NULL,NULL,NULL,NULL,NULL),(566,15,31,'',NULL,NULL,NULL,NULL,NULL),(567,20,31,'ЛДСП',NULL,NULL,NULL,NULL,NULL),(568,22,31,'',NULL,NULL,NULL,NULL,NULL),(569,24,31,'Клаассчиеская',NULL,NULL,NULL,NULL,NULL),(570,27,31,'',NULL,NULL,NULL,NULL,NULL),(571,28,31,'',NULL,NULL,NULL,NULL,NULL),(572,29,31,NULL,NULL,NULL,NULL,NULL,NULL),(573,35,31,'Матрас приобретается отдельно',NULL,NULL,NULL,NULL,NULL),(574,36,31,NULL,NULL,NULL,NULL,NULL,NULL),(575,1,32,NULL,578,NULL,NULL,NULL,NULL),(576,2,32,NULL,1731,NULL,NULL,NULL,NULL),(577,3,32,NULL,1919,NULL,NULL,NULL,NULL),(578,4,32,NULL,92,NULL,NULL,NULL,NULL),(579,5,32,'ЛДСП',NULL,NULL,NULL,NULL,NULL),(580,6,32,'Скандинавский',NULL,NULL,NULL,NULL,NULL),(581,7,32,'',NULL,NULL,NULL,NULL,NULL),(582,8,32,'Средние',NULL,NULL,NULL,NULL,NULL),(583,9,32,NULL,8,NULL,NULL,NULL,NULL),(584,11,32,'12 месяцев',NULL,NULL,NULL,NULL,NULL),(585,12,32,'Для спальни',NULL,NULL,NULL,NULL,NULL),(586,13,32,'',NULL,NULL,NULL,NULL,NULL),(587,14,32,'',NULL,NULL,NULL,NULL,NULL),(588,15,32,'',NULL,NULL,NULL,NULL,NULL),(589,20,32,'ЛДСП',NULL,NULL,NULL,NULL,NULL),(590,22,32,'',NULL,NULL,NULL,NULL,NULL),(591,24,32,'Классическая',NULL,NULL,NULL,NULL,NULL),(592,27,32,'',NULL,NULL,NULL,NULL,NULL),(593,28,32,'',NULL,NULL,NULL,NULL,NULL),(594,29,32,NULL,NULL,NULL,NULL,NULL,NULL),(595,35,32,'Матрас приобретается отдельно',NULL,NULL,NULL,NULL,NULL),(596,36,32,NULL,NULL,NULL,NULL,NULL,NULL),(597,1,32,NULL,596,NULL,NULL,NULL,NULL),(598,2,32,NULL,1470,NULL,NULL,NULL,NULL),(599,3,32,NULL,1923,NULL,NULL,NULL,NULL),(600,4,32,NULL,89,NULL,NULL,NULL,NULL),(601,5,32,'ЛДСП',NULL,NULL,NULL,NULL,NULL),(602,6,32,'Скандинавский',NULL,NULL,NULL,NULL,NULL),(603,7,32,'',NULL,NULL,NULL,NULL,NULL),(604,8,32,'Средние',NULL,NULL,NULL,NULL,NULL),(605,9,32,NULL,10,NULL,NULL,NULL,NULL),(606,11,32,'12 месяцев',NULL,NULL,NULL,NULL,NULL),(607,12,32,'Для спальни',NULL,NULL,NULL,NULL,NULL),(608,13,32,'',NULL,NULL,NULL,NULL,NULL),(609,14,32,'',NULL,NULL,NULL,NULL,NULL),(610,15,32,'',NULL,NULL,NULL,NULL,NULL),(611,20,32,'ЛДСП',NULL,NULL,NULL,NULL,NULL),(612,22,32,'',NULL,NULL,NULL,NULL,NULL),(613,24,32,'Классическая',NULL,NULL,NULL,NULL,NULL),(614,27,32,'',NULL,NULL,NULL,NULL,NULL),(615,28,32,'',NULL,NULL,NULL,NULL,NULL),(616,29,32,NULL,NULL,NULL,NULL,NULL,NULL),(617,35,32,'Матрас приобретается отдельно',NULL,NULL,NULL,NULL,NULL),(618,36,32,NULL,NULL,NULL,NULL,NULL,NULL),(619,1,51,NULL,599,NULL,NULL,NULL,NULL),(620,2,51,NULL,1877,NULL,NULL,NULL,NULL),(621,3,51,NULL,1999,NULL,NULL,NULL,NULL),(622,4,51,NULL,73,NULL,NULL,NULL,NULL),(623,5,51,'ЛДСП',NULL,NULL,NULL,NULL,NULL),(624,6,51,'Классический',NULL,NULL,NULL,NULL,NULL),(625,7,51,NULL,NULL,NULL,NULL,NULL,NULL),(626,8,51,'	Узкие. Высокие',NULL,NULL,NULL,NULL,NULL),(627,9,51,NULL,15,NULL,NULL,NULL,NULL),(628,11,51,NULL,NULL,NULL,NULL,NULL,NULL),(629,12,51,'Россия',NULL,NULL,NULL,NULL,NULL),(630,13,51,NULL,NULL,NULL,NULL,NULL,NULL),(631,14,51,'Недорогие',NULL,NULL,NULL,NULL,NULL),(632,15,51,'С ящиком.',NULL,NULL,NULL,NULL,NULL),(633,15,51,'С полкой',NULL,NULL,NULL,NULL,NULL),(634,15,51,'С дверцами',NULL,NULL,NULL,NULL,NULL),(635,15,51,'С зеркалом',NULL,NULL,NULL,NULL,NULL),(636,30,51,NULL,NULL,NULL,NULL,NULL,NULL),(637,31,51,NULL,NULL,NULL,NULL,NULL,NULL),(638,1,52,NULL,524,NULL,NULL,NULL,NULL),(639,2,52,NULL,1901,NULL,NULL,NULL,NULL),(640,3,52,NULL,2153,NULL,NULL,NULL,NULL),(641,4,52,NULL,66,NULL,NULL,NULL,NULL),(642,5,52,'ЛДСП',NULL,NULL,NULL,NULL,NULL),(643,6,52,'Классический',NULL,NULL,NULL,NULL,NULL),(644,7,52,NULL,NULL,NULL,NULL,NULL,NULL),(645,8,52,'	Узкие. Высокие',NULL,NULL,NULL,NULL,NULL),(646,9,52,NULL,16,NULL,NULL,NULL,NULL),(647,11,52,NULL,NULL,NULL,NULL,NULL,NULL),(648,12,52,'Россия',NULL,NULL,NULL,NULL,NULL),(649,13,52,NULL,NULL,NULL,NULL,NULL,NULL),(650,14,52,'Недорогие',NULL,NULL,NULL,NULL,NULL),(651,15,52,'С ящиком.',NULL,NULL,NULL,NULL,NULL),(652,15,52,'С полкой',NULL,NULL,NULL,NULL,NULL),(653,15,52,'С дверцами',NULL,NULL,NULL,NULL,NULL),(654,15,52,'С зеркалом',NULL,NULL,NULL,NULL,NULL),(655,30,52,'Шариковые',NULL,NULL,NULL,NULL,NULL),(656,31,52,NULL,NULL,NULL,NULL,NULL,NULL),(657,1,53,NULL,502,NULL,NULL,NULL,NULL),(658,2,53,NULL,1664,NULL,NULL,NULL,NULL),(659,3,53,NULL,2284,NULL,NULL,NULL,NULL),(660,4,53,NULL,83,NULL,NULL,NULL,NULL),(661,5,53,'ЛДСП',NULL,NULL,NULL,NULL,NULL),(662,6,53,'Классический',NULL,NULL,NULL,NULL,NULL),(663,7,53,NULL,NULL,NULL,NULL,NULL,NULL),(664,8,53,'	Узкие. Высокие',NULL,NULL,NULL,NULL,NULL),(665,9,53,NULL,7,NULL,NULL,NULL,NULL),(666,11,53,NULL,NULL,NULL,NULL,NULL,NULL),(667,12,53,'Россия',NULL,NULL,NULL,NULL,NULL),(668,13,53,NULL,NULL,NULL,NULL,NULL,NULL),(669,14,53,'Недорогие',NULL,NULL,NULL,NULL,NULL),(670,15,53,'С ящиком.',NULL,NULL,NULL,NULL,NULL),(671,15,53,'С полкой',NULL,NULL,NULL,NULL,NULL),(672,15,53,'С дверцами',NULL,NULL,NULL,NULL,NULL),(673,15,53,'С зеркалом',NULL,NULL,NULL,NULL,NULL),(674,30,53,'Шариковые',NULL,NULL,NULL,NULL,NULL),(675,31,53,NULL,NULL,NULL,NULL,NULL,NULL),(676,1,54,NULL,549,NULL,NULL,NULL,NULL),(677,2,54,NULL,1558,NULL,NULL,NULL,NULL),(678,3,54,NULL,2290,NULL,NULL,NULL,NULL),(679,4,54,NULL,61,NULL,NULL,NULL,NULL),(680,5,54,'ЛДСП',NULL,NULL,NULL,NULL,NULL),(681,6,54,'Классический',NULL,NULL,NULL,NULL,NULL),(682,7,54,NULL,NULL,NULL,NULL,NULL,NULL),(683,8,54,'	Узкие. Высокие',NULL,NULL,NULL,NULL,NULL),(684,9,54,NULL,8,NULL,NULL,NULL,NULL),(685,11,54,NULL,NULL,NULL,NULL,NULL,NULL),(686,12,54,'Россия',NULL,NULL,NULL,NULL,NULL),(687,13,54,NULL,NULL,NULL,NULL,NULL,NULL),(688,14,54,'Недорогие',NULL,NULL,NULL,NULL,NULL),(689,15,54,'С ящиком.',NULL,NULL,NULL,NULL,NULL),(690,15,54,'С полкой',NULL,NULL,NULL,NULL,NULL),(691,15,54,'С дверцами',NULL,NULL,NULL,NULL,NULL),(692,15,54,'С зеркалом',NULL,NULL,NULL,NULL,NULL),(693,30,54,'Шариковые',NULL,NULL,NULL,NULL,NULL),(694,31,54,NULL,NULL,NULL,NULL,NULL,NULL),(695,1,55,NULL,567,NULL,NULL,NULL,NULL),(696,2,55,NULL,2128,NULL,NULL,NULL,NULL),(697,3,55,NULL,2138,NULL,NULL,NULL,NULL),(698,4,55,NULL,68,NULL,NULL,NULL,NULL),(699,5,55,'ЛДСП',NULL,NULL,NULL,NULL,NULL),(700,6,55,'Модерн',NULL,NULL,NULL,NULL,NULL),(701,7,55,NULL,NULL,NULL,NULL,NULL,NULL),(702,8,55,'	Узкие. Высокие',NULL,NULL,NULL,NULL,NULL),(703,9,55,NULL,10,NULL,NULL,NULL,NULL),(704,11,55,NULL,NULL,NULL,NULL,NULL,NULL),(705,12,55,'Россия',NULL,NULL,NULL,NULL,NULL),(706,13,55,NULL,NULL,NULL,NULL,NULL,NULL),(707,14,55,'Недорогие',NULL,NULL,NULL,NULL,NULL),(708,15,55,'С дверцами',NULL,NULL,NULL,NULL,NULL),(709,15,55,'С зеркалом',NULL,NULL,NULL,NULL,NULL),(710,30,55,'Шариковые',NULL,NULL,NULL,NULL,NULL),(711,31,55,NULL,NULL,NULL,NULL,NULL,NULL),(712,1,33,NULL,572,NULL,NULL,NULL,NULL),(713,2,33,NULL,2016,NULL,NULL,NULL,NULL),(714,3,33,NULL,2225,NULL,NULL,NULL,NULL),(715,4,33,NULL,87,NULL,NULL,NULL,NULL),(716,5,33,'Дерево',NULL,NULL,NULL,NULL,NULL),(717,5,33,'Ткань',NULL,NULL,NULL,NULL,NULL),(718,6,33,'Современный',NULL,NULL,NULL,NULL,NULL),(719,7,33,NULL,NULL,NULL,NULL,NULL,NULL),(720,8,33,'Большие',NULL,NULL,NULL,NULL,NULL),(721,9,33,NULL,17,NULL,NULL,NULL,NULL),(722,11,33,'12 мес.',NULL,NULL,NULL,NULL,NULL),(723,12,33,NULL,NULL,NULL,NULL,NULL,NULL),(724,13,33,'Для гостиной',NULL,NULL,NULL,NULL,NULL),(725,14,33,'Недорогие',NULL,NULL,NULL,NULL,NULL),(726,15,33,'С подлокотниками',NULL,NULL,NULL,NULL,NULL),(727,15,33,'С подушкой в комплекте',NULL,NULL,NULL,NULL,NULL),(728,16,33,'Выкатной',NULL,NULL,NULL,NULL,NULL),(729,17,33,NULL,NULL,NULL,NULL,NULL,NULL),(730,24,33,'Прямоугольные',NULL,NULL,NULL,NULL,NULL),(731,26,33,NULL,NULL,NULL,NULL,NULL,NULL),(732,1,34,NULL,577,NULL,NULL,NULL,NULL),(733,2,34,NULL,2184,NULL,NULL,NULL,NULL),(734,3,34,NULL,2135,NULL,NULL,NULL,NULL),(735,4,34,NULL,100,NULL,NULL,NULL,NULL),(736,5,34,'Искусственная кожа',NULL,NULL,NULL,NULL,NULL),(737,5,34,'Ткань',NULL,NULL,NULL,NULL,NULL),(738,5,34,'ЛДСП',NULL,NULL,NULL,NULL,NULL),(739,5,34,'Велюр',NULL,NULL,NULL,NULL,NULL),(740,5,34,'Экокожа',NULL,NULL,NULL,NULL,NULL),(741,6,34,'Современный',NULL,NULL,NULL,NULL,NULL),(742,7,34,NULL,NULL,NULL,NULL,NULL,NULL),(743,8,34,'Большие',NULL,NULL,NULL,NULL,NULL),(744,9,34,NULL,9,NULL,NULL,NULL,NULL),(745,11,34,NULL,NULL,NULL,NULL,NULL,NULL),(746,12,34,'Россия',NULL,NULL,NULL,NULL,NULL),(747,13,34,'Для гостиной',NULL,NULL,NULL,NULL,NULL),(748,14,34,'Недорогие',NULL,NULL,NULL,NULL,NULL),(749,15,34,'С подлокотниками.',NULL,NULL,NULL,NULL,NULL),(750,15,34,'С деревянными подлокотниками',NULL,NULL,NULL,NULL,NULL),(751,16,34,'',NULL,NULL,NULL,NULL,NULL),(752,17,34,NULL,NULL,NULL,NULL,NULL,NULL),(753,24,34,'',NULL,NULL,NULL,NULL,NULL),(754,26,34,'	ППУ',NULL,NULL,NULL,NULL,NULL),(755,1,35,NULL,245,NULL,NULL,NULL,NULL),(756,2,35,NULL,1456,NULL,NULL,NULL,NULL),(757,3,35,NULL,1913,NULL,NULL,NULL,NULL),(758,12,35,'Россия',NULL,NULL,NULL,NULL,NULL),(759,14,35,'',NULL,NULL,NULL,NULL,NULL),(760,15,35,'',NULL,NULL,NULL,NULL,NULL),(761,26,35,'Elafoam',NULL,NULL,NULL,NULL,NULL),(762,27,35,NULL,NULL,NULL,NULL,NULL,NULL),(763,33,35,NULL,110,NULL,NULL,NULL,NULL),(764,38,35,'Средний',NULL,NULL,NULL,NULL,NULL),(765,39,35,'Независимый пружинный блок TFK',NULL,NULL,NULL,NULL,NULL),(766,40,35,NULL,256,NULL,NULL,NULL,NULL),(767,1,36,NULL,222,NULL,NULL,NULL,NULL),(768,2,36,NULL,1433,NULL,NULL,NULL,NULL),(769,3,36,NULL,2215,NULL,NULL,NULL,NULL),(770,12,36,'Россия',NULL,NULL,NULL,NULL,NULL),(771,14,36,'Средний',NULL,NULL,NULL,NULL,NULL),(772,15,36,'',NULL,NULL,NULL,NULL,NULL),(773,26,36,'Кокосовая койра',NULL,NULL,NULL,NULL,NULL),(774,27,36,NULL,NULL,NULL,NULL,NULL,NULL),(775,33,36,NULL,120,NULL,NULL,NULL,NULL),(776,38,36,'Разная жёсткость сторон',NULL,NULL,NULL,NULL,NULL),(777,39,36,'Независимый пружинный блок TFK',NULL,NULL,NULL,NULL,NULL),(778,40,36,NULL,256,NULL,NULL,NULL,NULL),(779,1,37,NULL,210,NULL,NULL,NULL,NULL),(780,2,37,NULL,1415,NULL,NULL,NULL,NULL),(781,3,37,NULL,1958,NULL,NULL,NULL,NULL),(782,12,37,'Россия',NULL,NULL,NULL,NULL,NULL),(783,14,37,'Дешевые',NULL,NULL,NULL,NULL,NULL),(784,15,37,'',NULL,NULL,NULL,NULL,NULL),(785,26,37,'Elafoam',NULL,NULL,NULL,NULL,NULL),(786,27,37,NULL,NULL,NULL,NULL,NULL,NULL),(787,33,37,NULL,110,NULL,NULL,NULL,NULL),(788,38,37,'Средний',NULL,NULL,NULL,NULL,NULL),(789,39,37,'Пружинный блок Bonnel',NULL,NULL,NULL,NULL,NULL),(790,40,37,NULL,256,NULL,NULL,NULL,NULL),(791,1,38,NULL,197,NULL,NULL,NULL,NULL),(792,2,38,NULL,1549,NULL,NULL,NULL,NULL),(793,3,38,NULL,2042,NULL,NULL,NULL,NULL),(794,12,38,'Россия',NULL,NULL,NULL,NULL,NULL),(795,14,38,'Дешевые',NULL,NULL,NULL,NULL,NULL),(796,15,38,'',NULL,NULL,NULL,NULL,NULL),(797,26,38,'Кокосовая койра',NULL,NULL,NULL,NULL,NULL),(798,27,38,NULL,NULL,NULL,NULL,NULL,NULL),(799,33,38,NULL,120,NULL,NULL,NULL,NULL),(800,38,38,'Разная жёсткость сторон',NULL,NULL,NULL,NULL,NULL),(801,39,38,NULL,NULL,NULL,NULL,NULL,NULL),(802,40,38,NULL,256,NULL,NULL,NULL,NULL),(803,1,39,NULL,246,NULL,NULL,NULL,NULL),(804,2,39,NULL,1916,NULL,NULL,NULL,NULL),(805,3,39,NULL,2127,NULL,NULL,NULL,NULL),(806,12,39,'Россия',NULL,NULL,NULL,NULL,NULL),(807,14,39,'Средний',NULL,NULL,NULL,NULL,NULL),(808,15,39,'',NULL,NULL,NULL,NULL,NULL),(809,26,39,'Кокосовая койра',NULL,NULL,NULL,NULL,NULL),(810,27,39,'1500x2000',NULL,NULL,NULL,NULL,NULL),(811,33,39,NULL,130,NULL,NULL,NULL,NULL),(812,38,39,'Разная жёсткость сторон',NULL,NULL,NULL,NULL,NULL),(813,39,39,'Беспружинный',NULL,NULL,NULL,NULL,NULL),(814,40,39,NULL,NULL,NULL,NULL,NULL,NULL),(815,1,40,NULL,618,NULL,NULL,NULL,NULL),(816,2,40,NULL,536,NULL,NULL,NULL,NULL),(817,3,40,NULL,627,NULL,NULL,NULL,NULL),(818,5,40,'Экокожа',NULL,NULL,NULL,NULL,NULL),(819,6,40,NULL,NULL,NULL,NULL,NULL,NULL),(820,7,40,NULL,NULL,NULL,NULL,NULL,NULL),(821,8,40,NULL,NULL,NULL,NULL,NULL,NULL),(822,9,40,NULL,12,NULL,NULL,NULL,NULL),(823,11,40,NULL,NULL,NULL,NULL,NULL,NULL),(824,12,40,'Россия',NULL,NULL,NULL,NULL,NULL),(825,13,40,NULL,NULL,NULL,NULL,NULL,NULL),(826,14,40,'Средний',NULL,NULL,NULL,NULL,NULL),(827,15,40,NULL,NULL,NULL,NULL,NULL,NULL),(828,24,40,'Квадратные',NULL,NULL,NULL,NULL,NULL),(829,1,41,NULL,642,NULL,NULL,NULL,NULL),(830,2,41,NULL,536,NULL,NULL,NULL,NULL),(831,3,41,NULL,554,NULL,NULL,NULL,NULL),(832,5,41,'Велюр',NULL,NULL,NULL,NULL,NULL),(833,6,41,NULL,NULL,NULL,NULL,NULL,NULL),(834,7,41,NULL,NULL,NULL,NULL,NULL,NULL),(835,8,41,NULL,NULL,NULL,NULL,NULL,NULL),(836,9,41,NULL,8,NULL,NULL,NULL,NULL),(837,11,41,NULL,NULL,NULL,NULL,NULL,NULL),(838,12,41,'Россия',NULL,NULL,NULL,NULL,NULL),(839,13,41,NULL,NULL,NULL,NULL,NULL,NULL),(840,14,41,'Дорогой',NULL,NULL,NULL,NULL,NULL),(841,15,41,NULL,NULL,NULL,NULL,NULL,NULL),(842,24,41,NULL,NULL,NULL,NULL,NULL,NULL),(843,1,43,NULL,556,NULL,NULL,NULL,NULL),(844,2,43,NULL,589,NULL,NULL,NULL,NULL),(845,3,43,NULL,626,NULL,NULL,NULL,NULL),(846,5,43,NULL,NULL,NULL,NULL,NULL,NULL),(847,6,43,NULL,NULL,NULL,NULL,NULL,NULL),(848,7,43,NULL,NULL,NULL,NULL,NULL,NULL),(849,8,43,'Маленькие',NULL,NULL,NULL,NULL,NULL),(850,9,43,NULL,11,NULL,NULL,NULL,NULL),(851,11,43,NULL,NULL,NULL,NULL,NULL,NULL),(852,12,43,'Россия',NULL,NULL,NULL,NULL,NULL),(853,13,43,'	Для спальни.Для гостиной.Для прихожей',NULL,NULL,NULL,NULL,NULL),(854,14,43,NULL,NULL,NULL,NULL,NULL,NULL),(855,15,43,'С ящиком',NULL,NULL,NULL,NULL,NULL),(856,15,43,'С мягким сиденьем',NULL,NULL,NULL,NULL,NULL),(857,24,43,'Квадратные',NULL,NULL,NULL,NULL,NULL),(858,1,42,NULL,598,NULL,NULL,NULL,NULL),(859,2,42,NULL,644,NULL,NULL,NULL,NULL),(860,3,42,NULL,627,NULL,NULL,NULL,NULL),(861,5,42,'Металл',NULL,NULL,NULL,NULL,NULL),(862,5,42,'Ткань',NULL,NULL,NULL,NULL,NULL),(863,6,42,NULL,NULL,NULL,NULL,NULL,NULL),(864,7,42,NULL,NULL,NULL,NULL,NULL,NULL),(865,8,42,'Маленькие',NULL,NULL,NULL,NULL,NULL),(866,9,42,NULL,10,NULL,NULL,NULL,NULL),(867,11,42,NULL,NULL,NULL,NULL,NULL,NULL),(868,12,42,'Китай',NULL,NULL,NULL,NULL,NULL),(869,13,42,'Для спальни.Для гостиной.Для прихожей.Для детской.Для мальчика.Для девочки.Для подростка.Для школьника',NULL,NULL,NULL,NULL,NULL),(870,14,42,'Недорогие',NULL,NULL,NULL,NULL,NULL),(871,15,42,'С ящиком',NULL,NULL,NULL,NULL,NULL),(872,15,42,'С мягким сиденьем',NULL,NULL,NULL,NULL,NULL),(873,24,42,'Круглые',NULL,NULL,NULL,NULL,NULL),(874,1,44,NULL,527,NULL,NULL,NULL,NULL),(875,2,44,NULL,632,NULL,NULL,NULL,NULL),(876,3,44,NULL,626,NULL,NULL,NULL,NULL),(877,5,44,'Металл',NULL,NULL,NULL,NULL,NULL),(878,5,44,'Ткань',NULL,NULL,NULL,NULL,NULL),(879,6,44,'Современный',NULL,NULL,NULL,NULL,NULL),(880,7,44,NULL,NULL,NULL,NULL,NULL,NULL),(881,8,44,'Маленькие',NULL,NULL,NULL,NULL,NULL),(882,9,44,NULL,13,NULL,NULL,NULL,NULL),(883,11,44,NULL,NULL,NULL,NULL,NULL,NULL),(884,12,44,'Россия',NULL,NULL,NULL,NULL,NULL),(885,13,44,'Для спальни.Для прихожей',NULL,NULL,NULL,NULL,NULL),(886,14,44,'Недорогие',NULL,NULL,NULL,NULL,NULL),(887,15,44,'С мягким сиденьем',NULL,NULL,NULL,NULL,NULL),(888,15,44,'На ножках',NULL,NULL,NULL,NULL,NULL),(889,24,44,'Круглые',NULL,NULL,NULL,NULL,NULL),(890,1,45,NULL,852,NULL,NULL,NULL,NULL),(891,2,45,NULL,923,NULL,NULL,NULL,NULL),(892,3,45,NULL,951,NULL,NULL,NULL,NULL),(893,4,45,NULL,50,NULL,NULL,NULL,NULL),(894,5,45,'ЛДСП',NULL,NULL,NULL,NULL,NULL),(895,5,45,'МДФ',NULL,NULL,NULL,NULL,NULL),(896,6,45,'Современный',NULL,NULL,NULL,NULL,NULL),(897,7,45,NULL,NULL,NULL,NULL,NULL,NULL),(898,8,45,'Узкие.Низкие',NULL,NULL,NULL,NULL,NULL),(899,9,45,NULL,12,NULL,NULL,NULL,NULL),(900,11,45,NULL,NULL,NULL,NULL,NULL,NULL),(901,12,45,'Беларусь',NULL,NULL,NULL,NULL,NULL),(902,13,45,'Для спальни',NULL,NULL,NULL,NULL,NULL),(903,14,45,'Недорогие',NULL,NULL,NULL,NULL,NULL),(904,15,45,'С ящиком',NULL,NULL,NULL,NULL,NULL),(905,1,46,NULL,916,NULL,NULL,NULL,NULL),(906,2,46,NULL,922,NULL,NULL,NULL,NULL),(907,3,46,NULL,756,NULL,NULL,NULL,NULL),(908,4,46,NULL,37,NULL,NULL,NULL,NULL),(909,5,46,'ЛДСП',NULL,NULL,NULL,NULL,NULL),(910,5,46,'МДФ',NULL,NULL,NULL,NULL,NULL),(911,6,46,NULL,NULL,NULL,NULL,NULL,NULL),(912,7,46,NULL,NULL,NULL,NULL,NULL,NULL),(913,8,46,NULL,NULL,NULL,NULL,NULL,NULL),(914,9,46,NULL,15,NULL,NULL,NULL,NULL),(915,11,46,NULL,NULL,NULL,NULL,NULL,NULL),(916,12,46,'Россия',NULL,NULL,NULL,NULL,NULL),(917,13,46,'Для спальни',NULL,NULL,NULL,NULL,NULL),(918,14,46,'Недорогие',NULL,NULL,NULL,NULL,NULL),(919,15,46,'С ящиком',NULL,NULL,NULL,NULL,NULL),(920,1,47,NULL,840,NULL,NULL,NULL,NULL),(921,2,47,NULL,1032,NULL,NULL,NULL,NULL),(922,3,47,NULL,860,NULL,NULL,NULL,NULL),(923,4,47,NULL,34,NULL,NULL,NULL,NULL),(924,5,47,'ЛДСП',NULL,NULL,NULL,NULL,NULL),(925,6,47,'Современный',NULL,NULL,NULL,NULL,NULL),(926,7,47,NULL,NULL,NULL,NULL,NULL,NULL),(927,8,47,'Узкие.Низкие',NULL,NULL,NULL,NULL,NULL),(928,9,47,NULL,11,NULL,NULL,NULL,NULL),(929,11,47,NULL,NULL,NULL,NULL,NULL,NULL),(930,12,47,'Беларусь',NULL,NULL,NULL,NULL,NULL),(931,13,47,'Для спальни',NULL,NULL,NULL,NULL,NULL),(932,14,47,'Недорогие',NULL,NULL,NULL,NULL,NULL),(933,15,47,'С ящиком',NULL,NULL,NULL,NULL,NULL),(934,1,48,NULL,1040,NULL,NULL,NULL,NULL),(935,2,48,NULL,1523,NULL,NULL,NULL,NULL),(936,3,48,NULL,1089,NULL,NULL,NULL,NULL),(937,4,48,NULL,35,NULL,NULL,NULL,NULL),(938,5,48,'ЛДСП',NULL,NULL,NULL,NULL,NULL),(939,6,48,'Современный',NULL,NULL,NULL,NULL,NULL),(940,7,48,NULL,NULL,NULL,NULL,NULL,NULL),(941,8,48,'Высокие',NULL,NULL,NULL,NULL,NULL),(942,9,48,NULL,15,NULL,NULL,NULL,NULL),(943,11,48,NULL,NULL,NULL,NULL,NULL,NULL),(944,12,48,'Россия',NULL,NULL,NULL,NULL,NULL),(945,13,48,'Офис',NULL,NULL,NULL,NULL,NULL),(946,14,48,'Недорогие',NULL,NULL,NULL,NULL,NULL),(947,15,48,'С ящиком',NULL,NULL,NULL,NULL,NULL),(948,1,49,NULL,1012,NULL,NULL,NULL,NULL),(949,2,49,NULL,1088,NULL,NULL,NULL,NULL),(950,3,49,NULL,883,NULL,NULL,NULL,NULL),(951,4,49,NULL,36,NULL,NULL,NULL,NULL),(952,5,49,'ЛДСП',NULL,NULL,NULL,NULL,NULL),(953,6,49,'Современный',NULL,NULL,NULL,NULL,NULL),(954,7,49,NULL,NULL,NULL,NULL,NULL,NULL),(955,8,49,'Узкие.Низкие',NULL,NULL,NULL,NULL,NULL),(956,9,49,NULL,14,NULL,NULL,NULL,NULL),(957,11,49,NULL,NULL,NULL,NULL,NULL,NULL),(958,12,49,'Беларусь',NULL,NULL,NULL,NULL,NULL),(959,13,49,NULL,NULL,NULL,NULL,NULL,NULL),(960,14,49,'Недорогие',NULL,NULL,NULL,NULL,NULL),(961,15,49,'С ящиком',NULL,NULL,NULL,NULL,NULL),(962,1,50,NULL,988,NULL,NULL,NULL,NULL),(963,2,50,NULL,1274,NULL,NULL,NULL,NULL),(964,3,50,NULL,1022,NULL,NULL,NULL,NULL),(965,4,50,NULL,37,NULL,NULL,NULL,NULL),(966,5,50,'ЛДСП',NULL,NULL,NULL,NULL,NULL),(967,6,50,'Современный',NULL,NULL,NULL,NULL,NULL),(968,7,50,NULL,NULL,NULL,NULL,NULL,NULL),(969,8,50,'Узкие.Низкие',NULL,NULL,NULL,NULL,NULL),(970,9,50,NULL,15,NULL,NULL,NULL,NULL),(971,11,50,NULL,NULL,NULL,NULL,NULL,NULL),(972,12,50,'Россия',NULL,NULL,NULL,NULL,NULL),(973,13,50,'Для спальни',NULL,NULL,NULL,NULL,NULL),(974,14,50,'Недорогие',NULL,NULL,NULL,NULL,NULL),(975,15,50,'На колесиках',NULL,NULL,NULL,NULL,NULL),(976,1,56,NULL,2000,NULL,NULL,NULL,NULL),(977,2,56,NULL,2400,NULL,NULL,NULL,NULL),(978,3,56,NULL,1300,NULL,NULL,NULL,NULL),(979,4,56,NULL,120,NULL,NULL,NULL,NULL),(980,5,56,'МДФ',NULL,NULL,NULL,NULL,NULL),(981,5,56,'ЛДСП',NULL,NULL,NULL,NULL,NULL),(982,1,57,NULL,2000,NULL,NULL,NULL,NULL),(983,2,57,NULL,2400,NULL,NULL,NULL,NULL),(984,3,57,NULL,1300,NULL,NULL,NULL,NULL),(985,4,57,NULL,120,NULL,NULL,NULL,NULL),(986,5,57,'МДФ',NULL,NULL,NULL,NULL,NULL),(987,5,57,'ЛДСП',NULL,NULL,NULL,NULL,NULL),(988,1,58,NULL,2000,NULL,NULL,NULL,NULL),(989,2,58,NULL,2400,NULL,NULL,NULL,NULL),(990,3,58,NULL,1300,NULL,NULL,NULL,NULL),(991,4,58,NULL,155,NULL,NULL,NULL,NULL),(992,5,58,'Стекло',NULL,NULL,NULL,NULL,NULL),(993,5,58,'ЛДСП',NULL,NULL,NULL,NULL,NULL),(994,8,58,'Большие',NULL,NULL,NULL,NULL,NULL),(995,8,58,'Широкие',NULL,NULL,NULL,NULL,NULL),(996,15,58,'С полкой',NULL,NULL,NULL,NULL,NULL),(997,15,58,'С дверцами',NULL,NULL,NULL,NULL,NULL),(998,7,58,'Прямые',NULL,NULL,NULL,NULL,NULL),(1000,7,58,'Купе',NULL,NULL,NULL,NULL,NULL),(1001,1,59,NULL,2000,NULL,NULL,NULL,NULL),(1002,2,59,NULL,2400,NULL,NULL,NULL,NULL),(1003,3,59,NULL,950,NULL,NULL,NULL,NULL),(1004,4,59,NULL,110,NULL,NULL,NULL,NULL),(1005,5,59,'МДФ',NULL,NULL,NULL,NULL,NULL),(1006,5,59,'ЛДСП',NULL,NULL,NULL,NULL,NULL),(1007,7,59,'С дверцами',NULL,NULL,NULL,NULL,NULL),(1008,7,59,'Без зеркала',NULL,NULL,NULL,NULL,NULL);
/*!40000 ALTER TABLE `attributes_values` ENABLE KEYS */;
UNLOCK TABLES;

--
-- Table structure for table `baskets`
--

DROP TABLE IF EXISTS `baskets`;
/*!40101 SET @saved_cs_client     = @@character_set_client */;
/*!50503 SET character_set_client = utf8mb4 */;
CREATE TABLE `baskets` (
  `id` int NOT NULL AUTO_INCREMENT,
  `product_variant_id` int NOT NULL,
  `user_id` int NOT NULL,
  `products_amount` int NOT NULL,
  `added_date` datetime DEFAULT NULL COMMENT 'Дата и время добавления, чтобы можно было в дальнейшем удалять автоматически по истечении 1 мес или >. Т.е. когда разберусь с отложенными задачами в MySQL',
  PRIMARY KEY (`id`),
  KEY `fk_basket_product_variants_idx` (`product_variant_id`),
  KEY `fk_basket_user_idx` (`user_id`),
  CONSTRAINT `fk_basket_product_variants` FOREIGN KEY (`product_variant_id`) REFERENCES `variants_product` (`id`),
  CONSTRAINT `fk_basket_user` FOREIGN KEY (`user_id`) REFERENCES `users` (`id`)
) ENGINE=InnoDB DEFAULT CHARSET=utf8mb4 COLLATE=utf8mb4_0900_ai_ci;
/*!40101 SET character_set_client = @saved_cs_client */;

--
-- Dumping data for table `baskets`
--

LOCK TABLES `baskets` WRITE;
/*!40000 ALTER TABLE `baskets` DISABLE KEYS */;
/*!40000 ALTER TABLE `baskets` ENABLE KEYS */;
UNLOCK TABLES;

--
-- Table structure for table `categories`
--

DROP TABLE IF EXISTS `categories`;
/*!40101 SET @saved_cs_client     = @@character_set_client */;
/*!50503 SET character_set_client = utf8mb4 */;
CREATE TABLE `categories` (
  `id` int NOT NULL AUTO_INCREMENT,
  `category_name` varchar(60) DEFAULT NULL,
  `subcategory_id` int DEFAULT NULL,
  `parent_id` int DEFAULT NULL,
  PRIMARY KEY (`id`),
  KEY `fk_this_categories_idx` (`parent_id`),
  KEY `fk_categories_subcategories_idx` (`subcategory_id`),
  KEY `categories_id__index` (`id`),
  CONSTRAINT `fk_categories_subcategories` FOREIGN KEY (`subcategory_id`) REFERENCES `subcategories` (`id`),
  CONSTRAINT `fk_this_categories` FOREIGN KEY (`parent_id`) REFERENCES `categories` (`id`)
) ENGINE=InnoDB AUTO_INCREMENT=32 DEFAULT CHARSET=utf8mb4 COLLATE=utf8mb4_0900_ai_ci;
/*!40101 SET character_set_client = @saved_cs_client */;

--
-- Dumping data for table `categories`
--

LOCK TABLES `categories` WRITE;
/*!40000 ALTER TABLE `categories` DISABLE KEYS */;
INSERT INTO `categories` VALUES (1,'Кухня',NULL,NULL),(2,'Спальня',NULL,NULL),(3,'Гостиная',NULL,NULL),(4,'Прихожая',NULL,NULL),(5,'Детская',NULL,NULL),(6,'Мягкая мебель',NULL,NULL),(7,'Кухонные гарнитуры',NULL,1),(8,'Обеденные группы',NULL,1),(9,'Столы',NULL,1),(10,NULL,2,2),(11,'Кровати',NULL,2),(12,'Матрасы',NULL,2),(13,NULL,4,2),(14,NULL,3,2),(15,NULL,1,3),(16,'Стулья',NULL,3),(17,'Журнальные столы',NULL,3),(18,NULL,2,3),(19,NULL,5,3),(20,NULL,2,4),(21,'Зеркала',NULL,4),(22,NULL,3,4),(23,'Готовые прихожие',NULL,4),(24,'Детские диваны',NULL,5),(25,'Детские кровати',NULL,5),(26,'Детские матрасы',NULL,5),(27,'Детские тумбы',NULL,5),(28,NULL,1,6),(29,NULL,4,6),(30,'Кресла-кровати',NULL,6);
/*!40000 ALTER TABLE `categories` ENABLE KEYS */;
UNLOCK TABLES;

--
-- Table structure for table `categories_views`
--

DROP TABLE IF EXISTS `categories_views`;
/*!40101 SET @saved_cs_client     = @@character_set_client */;
/*!50503 SET character_set_client = utf8mb4 */;
CREATE TABLE `categories_views` (
  `id` int NOT NULL AUTO_INCREMENT,
  `visitor_id` int NOT NULL,
  `category_id` int NOT NULL,
  `count` int NOT NULL,
  PRIMARY KEY (`id`),
  KEY `fk_categories_views_visitors_idx` (`visitor_id`),
  KEY `fk_categories_views_categories_idx` (`category_id`),
  CONSTRAINT `fk_categories_views_categories` FOREIGN KEY (`category_id`) REFERENCES `categories` (`id`),
  CONSTRAINT `fk_categories_views_visitors` FOREIGN KEY (`visitor_id`) REFERENCES `visitors` (`id`)
) ENGINE=InnoDB DEFAULT CHARSET=utf8mb4 COLLATE=utf8mb4_0900_ai_ci;
/*!40101 SET character_set_client = @saved_cs_client */;

--
-- Dumping data for table `categories_views`
--

LOCK TABLES `categories_views` WRITE;
/*!40000 ALTER TABLE `categories_views` DISABLE KEYS */;
/*!40000 ALTER TABLE `categories_views` ENABLE KEYS */;
UNLOCK TABLES;

--
-- Table structure for table `customers`
--

DROP TABLE IF EXISTS `customers`;
/*!40101 SET @saved_cs_client     = @@character_set_client */;
/*!50503 SET character_set_client = utf8mb4 */;
CREATE TABLE `customers` (
  `id` int NOT NULL AUTO_INCREMENT,
  `surname` varchar(30) NOT NULL,
  `name` varchar(30) NOT NULL,
  `patronymic` varchar(30) DEFAULT NULL,
  `phone_number` decimal(17,0) NOT NULL,
  `email` varchar(70) DEFAULT NULL,
  PRIMARY KEY (`id`)
) ENGINE=InnoDB AUTO_INCREMENT=12 DEFAULT CHARSET=utf8mb4 COLLATE=utf8mb4_0900_ai_ci;
/*!40101 SET character_set_client = @saved_cs_client */;

--
-- Dumping data for table `customers`
--

LOCK TABLES `customers` WRITE;
/*!40000 ALTER TABLE `customers` DISABLE KEYS */;
INSERT INTO `customers` VALUES (1,'Инна','Лосева','Степановна',79490000011580,'user1@gmail.com'),(2,'Анна','Михайлович','Валентиновна',79490000019017,'user2@gmail.com'),(3,'Марина','Пелых','Ульяновна',79490000010343,'user3@gmail.com'),(4,'Владислав','Пономаренко','Дмитриевич',79490000019668,'user4@gmail.com'),(5,'Любовь','Хавалджи','Амировна',79490000017308,'user5@gmail.com'),(6,'Ирина','Пархоменко','Владимировна',79490000007535,'user6@gmail.com'),(7,'Алина','Демидова','Александровна',79490000010753,'user7@gmail.com'),(8,'Тамара','Лапотникова','Оскаровна',79490000011160,'user8@gmail.com'),(9,'Олег','Чмыхало','Тарасович',79490000018539,'user9@gmail.com'),(10,'Степан','Князьков','Сидорович',79490000009215,'user10@gmail.com'),(11,'Наталья','Игнатенко','Павловна',79490000015461,'user11@gmail.com');
/*!40000 ALTER TABLE `customers` ENABLE KEYS */;
UNLOCK TABLES;

--
-- Table structure for table `order_states`
--

DROP TABLE IF EXISTS `order_states`;
/*!40101 SET @saved_cs_client     = @@character_set_client */;
/*!50503 SET character_set_client = utf8mb4 */;
CREATE TABLE `order_states` (
  `id` int NOT NULL AUTO_INCREMENT,
  `order_state` varchar(30) NOT NULL,
  PRIMARY KEY (`id`)
) ENGINE=InnoDB AUTO_INCREMENT=6 DEFAULT CHARSET=utf8mb4 COLLATE=utf8mb4_0900_ai_ci;
/*!40101 SET character_set_client = @saved_cs_client */;

--
-- Dumping data for table `order_states`
--

LOCK TABLES `order_states` WRITE;
/*!40000 ALTER TABLE `order_states` DISABLE KEYS */;
INSERT INTO `order_states` VALUES (1,'В ожидании платежа'),(2,'Связались с клиентом'),(3,'Отправлен'),(4,'Отменён'),(5,'Выполнен');
/*!40000 ALTER TABLE `order_states` ENABLE KEYS */;
UNLOCK TABLES;

--
-- Table structure for table `orders`
--

DROP TABLE IF EXISTS `orders`;
/*!40101 SET @saved_cs_client     = @@character_set_client */;
/*!50503 SET character_set_client = utf8mb4 */;
CREATE TABLE `orders` (
  `id` int NOT NULL,
  `product_variant_id` int NOT NULL,
  `order_state_id` int NOT NULL,
  `customer_id` int NOT NULL,
  `products_amount` int NOT NULL,
  `order_date` datetime NOT NULL,
  PRIMARY KEY (`id`),
  KEY `fk_orders_order_states_idx` (`order_state_id`),
  KEY `fk_orders_customers_idx` (`customer_id`),
  KEY `fk_orders_product_variants_idx` (`product_variant_id`),
  CONSTRAINT `fk_orders_customers` FOREIGN KEY (`customer_id`) REFERENCES `customers` (`id`),
  CONSTRAINT `fk_orders_order_states` FOREIGN KEY (`order_state_id`) REFERENCES `order_states` (`id`),
  CONSTRAINT `fk_orders_product_variants` FOREIGN KEY (`product_variant_id`) REFERENCES `variants_product` (`id`)
) ENGINE=InnoDB DEFAULT CHARSET=utf8mb4 COLLATE=utf8mb4_0900_ai_ci;
/*!40101 SET character_set_client = @saved_cs_client */;

--
-- Dumping data for table `orders`
--

LOCK TABLES `orders` WRITE;
/*!40000 ALTER TABLE `orders` DISABLE KEYS */;
/*!40000 ALTER TABLE `orders` ENABLE KEYS */;
UNLOCK TABLES;

--
-- Table structure for table `producers`
--

DROP TABLE IF EXISTS `producers`;
/*!40101 SET @saved_cs_client     = @@character_set_client */;
/*!50503 SET character_set_client = utf8mb4 */;
CREATE TABLE `producers` (
  `id` int NOT NULL AUTO_INCREMENT,
  `producer_name` varchar(70) NOT NULL,
  PRIMARY KEY (`id`),
  KEY `producers_id_index` (`id`)
) ENGINE=InnoDB AUTO_INCREMENT=11 DEFAULT CHARSET=utf8mb4 COLLATE=utf8mb4_0900_ai_ci;
/*!40101 SET character_set_client = @saved_cs_client */;

--
-- Dumping data for table `producers`
--

LOCK TABLES `producers` WRITE;
/*!40000 ALTER TABLE `producers` DISABLE KEYS */;
INSERT INTO `producers` VALUES (1,'BTS'),(2,'CВ-мебель'),(3,'Империал'),(4,'Олмеко'),(5,'Горизонт'),(6,'Интерьер'),(7,'М-стиль'),(8,'Престиж'),(9,'Sheffilton'),(10,'ВВР');
/*!40000 ALTER TABLE `producers` ENABLE KEYS */;
UNLOCK TABLES;

--
-- Table structure for table `products`
--

DROP TABLE IF EXISTS `products`;
/*!40101 SET @saved_cs_client     = @@character_set_client */;
/*!50503 SET character_set_client = utf8mb4 */;
CREATE TABLE `products` (
  `id` int NOT NULL AUTO_INCREMENT,
  `product_name` varchar(100) NOT NULL,
  `description` varchar(2000) DEFAULT NULL,
  `category_id` int NOT NULL,
  `producer_id` int NOT NULL,
  `is_available` tinyint NOT NULL,
  `show_product` tinyint NOT NULL,
  PRIMARY KEY (`id`),
  KEY `fk_products_categories_idx` (`category_id`),
  KEY `fk_products_producers_idx` (`producer_id`),
  FULLTEXT KEY `full_text_search_idx` (`product_name`,`description`),
  CONSTRAINT `fk_products_categories` FOREIGN KEY (`category_id`) REFERENCES `categories` (`id`),
  CONSTRAINT `fk_products_producers` FOREIGN KEY (`producer_id`) REFERENCES `producers` (`id`)
) ENGINE=InnoDB AUTO_INCREMENT=60 DEFAULT CHARSET=utf8mb4 COLLATE=utf8mb4_0900_ai_ci;
/*!40101 SET character_set_client = @saved_cs_client */;

--
-- Dumping data for table `products`
--

LOCK TABLES `products` WRITE;
/*!40000 ALTER TABLE `products` DISABLE KEYS */;
INSERT INTO `products` VALUES (1,'Диван Гранд велюр','Прямой стильный диван Гранд – прекрасный выбор для вашей гостиной!',15,1,1,1),(2,'Диван «Токио 2»','Узкие прямые бока и динамичные очертания этого дивана идеально подойдут\r\n        к молодёжному интерьеру гостиной.',15,2,1,1),(3,'Диван «Остин»','Диван «Остин» оснащён механизмом «Тик так».',15,2,1,1),(4,'Диван «Камелот 2»','Удобный и эргономичный диван «Камелот 2» оснащён механизмом «Еврокнижка»',28,2,1,1),(5,'Соната диван-кровать','Диван в классическом стиле',28,3,1,1),(6,'Кухня 2,0м BTS Люкс модульная','Корпус: ЛДСП. Фасад: МДФ',7,1,1,1),(7,'Кухонный гарнитур Сокол ПН-04 ','Маленький прямой кухонный гарнитур имеет в своем составе необходимые модули',7,1,0,1),(8,'Кухня 2,0м BTS Тифани','Кухня “Тиффани” – воплощение элегантной грации.',7,1,1,1),(9,'Кухня 2,0м BTS Скарлетт','Кухня “Скарлетт” – вкусный коктейль бодрящей зелени!',7,1,1,0),(10,'Кухня BTS Персик 1,8м','Атмосфера южного тепла проникает на кухню вместе с готовым решением «Персик»',7,1,1,1),(11,'Обеденная группа Sheffilton SHT-DS233','Для совместных трапез – готовый обеденный комплект с удобными стульями.',8,9,1,1),(12,'Стол со стульями Sheffilton SHT-DS81','Можно выбрать другие цвета стульев и стола.',8,9,1,1),(13,'Обеденная группа Sheffilton SHT-DS236','Для совместных трапез – готовый обеденный комплект с удобными стульями.',8,9,1,1),(14,'Набор мебели для кухни Leset Говард 1Р+Чейз','Для совместных трапез – готовый обеденный комплект с удобными стульями.',8,1,1,1),(15,'Комплект изделий Шведский Стандарт','Для совместных трапез – готовый обеденный комплект с удобными стульями.',8,1,1,1),(16,'Стол RB Круглый','Обеденный стол на фигурной ноге.',9,1,1,1),(17,'Стол обеденный RB Орфей-1','Раздвижной стол на двух ногах.',9,1,1,1),(18,'Стол Катрин Ломберный раскладной','Стол Ломберный раскладной 600х600',9,1,0,1),(19,'Стол Столлайн Анри','Обеденный стол',9,6,1,1),(20,'Стол обеденный «Брик» Чёрный','комплектуется каркасом из металлических труб с толщиной стенок 2,5 мм',9,2,0,1),(21,'Стол обеденный «СО 3» Белый','раздвижной стол, который имеет компактные размеры в сложенном виде',9,2,0,1),(22,'Стол обеденный «Ультра»','Комплектуется каркасом из металлических труб покрытых чёрной порошковой краской',9,2,0,1),(23,'Модульная гостиная «Токио»','Модульная гостиная «Токио» состоит из стильных и функциональных модулей',18,10,1,1),(24,'Шкаф четырёхстворчатый «Милан» Белый','Долговечный диван',18,1,1,1),(25,'Гостиная «МГС 5»','Гостиная «МГС 5» представлена в оттенке светлого цемента с белыми ',18,1,1,1),(26,'Шкаф-купе корпус 1,5м \"Лотос/Орфей\"','Шкаф многофункциональный распашной со створками с зеркалом',10,1,1,1),(27,'Шкаф-купе Лотос-1 1,7м','Лотос -1 - классический вариант шкафа - купе, который подойдет для гостиной, спальни и прихожей.',10,1,1,1),(28,'Диван-кровать №1 Дуб Ясень Анкор','Кровать комплектуется двумя выдвижными ящиками',11,2,1,1),(29,'ДМ-09 Кровать «Вега» 0,8 м','Кровать комплектуется основанием под матрас из ЛДСП.',11,2,1,1),(30,'Кровать двуспальная 1,6 м «Токио»','Класс эмиссии ЛДСП Е1.Материал ЛДСП',11,2,1,1),(31,'Кровать-диван с ящиками 0.9*2м «Грей» с фотопечатью','Кровать комплектуется двумя выдвижными ящиками',11,2,1,1),(32,'Кровать 1.8 м КР-101 «Александрия»','Срок службы 15 лет. Цвет. Сосна Санторини светлый',11,2,1,1),(33,'Кресло-кровать Salotti Альфа','Отличная воздухопроницаемость сохраняет высокие характеристики изделия',30,6,1,1),(34,'Кресло-кровать Лига Диванов Сенатор 60','Гипоаллергенность и экологичность Комбинация таких слоев для дивана отличается гипоаллергенностью',30,6,1,1),(35,'Матрас Comforto',' средней жесткости на основе пружинного блока TFK',12,2,1,1),(36,'Матрас Comfo холло микс','жёсткий матрас с разной комплектацией сторон на основе блока независимых пружин TFK',12,2,1,1),(37,'Матрас Norma',' классический двухсторонний матрас средней жёсткости на основе пружинного блока Bonnel',12,2,1,1),(38,'Матрас Comfo сезон','средней жёсткости с разной комплектацией сторон на основе блока независимых пружин TFK',12,2,1,1),(39,'Матрас Extra микс','матрас с разной жёсткостью сторон на основе чередующихся слоев пены Elafoam',12,2,1,1),(40,'Пуф «Квадратик» Венге','идеально впишется в интерьер любой комнаты',29,2,1,1),(41,'Пуф «Груша»','Можно использовать как снаружи, так и внутри помещений',29,2,1,1),(42,'Пуф STOOL GROUP Шарлотта с ящиком','аконичная модель пуфа в обивке из мягкого велюра',29,2,1,1),(43,'Пуфик Betel КЛАССИК','зготовлен из такого высококачественного материала как Искусственная кожа',13,5,1,1),(44,'Пуф Столлайн ШАРЛЬ круглый','Нагрузка – 120 кг',13,5,1,1),(45,'Прикроватная тумба Наоми МН-021-02 Дуб Ниагара (Р)','У тумбы имеется 2 ящика',14,4,1,1),(46,'Тумба прикроватная Слайн-К Арго','удобная и красивая модель, которая оборудована тремя вместительными ящиками',14,4,1,1),(47,'Тумба Шведский Стандарт Мальта','Универсальная тумба',14,4,1,1),(48,'Тумба выкатная с 4-мя ящиками МДК ТБ4','Тумба имеет колёсики',22,2,1,1),(49,'Тумба Шведский Стандарт Кастор (4 ящика)',NULL,22,2,1,1),(50,'Тумба BTS Тео','Идеальное решение для каждого',22,1,1,1),(51,'Прихожая Ксения-2','Вместительная и лаконичная модель',23,1,1,1),(52,'Прихожая Лига','Идеальный выбор для небольшого пространства',23,1,1,1),(53,'Прихожая Лира NEW','Это не только практичное, но и красивое решение вопроса хранения вещей',23,1,1,1),(54,'Прихожая Трамп','Идеальный выбор для современного интерьера',23,1,0,1),(55,'Прихожая Сити лоредо','Очень компактная модель прихожей',23,1,1,1),(56,' Кухня скарлет. BTS','Готовый комплект Ультра – трендовое решение для кухни в скандинавском стиле. Простота форм и чистый светлый декор с древесными нотками и матовым стеклом – главные отличия сканди-направления, благодаря которым мебель в данном стиле пользуется популярностью у покупателей',7,8,1,1),(57,' Кухня скарлет. BTS','Готовый комплект Ультра – трендовое решение для кухни в скандинавском стиле. Простота форм и чистый светлый декор с древесными нотками и матовым стеклом – главные отличия сканди-направления, благодаря которым мебель в данном стиле пользуется популярностью у покупателей',7,8,1,1),(58,'Шкаф Е1 Эста Трио','Весьма крутой и популярный шкаф',10,5,1,1),(59,'Шкаф C2 БЕТА Трио','Весьма крутой и популярный шкаф',10,5,1,1);
/*!40000 ALTER TABLE `products` ENABLE KEYS */;
UNLOCK TABLES;

--
-- Table structure for table `products_attributes`
--

DROP TABLE IF EXISTS `products_attributes`;
/*!40101 SET @saved_cs_client     = @@character_set_client */;
/*!50503 SET character_set_client = utf8mb4 */;
CREATE TABLE `products_attributes` (
  `id` int NOT NULL AUTO_INCREMENT,
  `attr_name` varchar(100) NOT NULL,
  PRIMARY KEY (`id`),
  UNIQUE KEY `attribute_name_unique` (`attr_name`)
) ENGINE=InnoDB AUTO_INCREMENT=41 DEFAULT CHARSET=utf8mb4 COLLATE=utf8mb4_0900_ai_ci;
/*!40101 SET character_set_client = @saved_cs_client */;

--
-- Dumping data for table `products_attributes`
--

LOCK TABLES `products_attributes` WRITE;
/*!40000 ALTER TABLE `products_attributes` DISABLE KEYS */;
INSERT INTO `products_attributes` VALUES (4,'Вес'),(1,'Высота'),(29,'Высота изголовья'),(36,'Высота изножья'),(34,'Высота сидения'),(11,'Гарантия'),(3,'Глубина'),(38,'Жесткость'),(25,'Количество персон'),(40,'Количество пружин на м²'),(17,'Материал каркаса'),(20,'Материал корпуса'),(28,'Материал обивки'),(19,'Материал основания'),(22,'Материал основания под матрас'),(31,'Материал ручек'),(18,'Материал столешницы'),(21,'Материал фасада'),(5,'Материалы'),(16,'Механизм трансформации'),(33,'Нагрузка'),(13,'Назначение'),(35,'Наличие матраса'),(26,'Наполнение'),(15,'Особенности'),(27,'Размер спального места'),(8,'Размерность'),(9,'Срок службы'),(6,'Стиль'),(12,'Страна-производитель'),(7,'Тип'),(30,'Тип направляющих'),(39,'Тип пружинного блока'),(37,'Тип ткани'),(32,'Тип установки'),(24,'Форма'),(10,'Цвет'),(14,'Ценовой диапазон'),(2,'Ширина'),(23,'Ширина в разложенном состоянии (мм.)');
/*!40000 ALTER TABLE `products_attributes` ENABLE KEYS */;
UNLOCK TABLES;

--
-- Table structure for table `products_images`
--

DROP TABLE IF EXISTS `products_images`;
/*!40101 SET @saved_cs_client     = @@character_set_client */;
/*!50503 SET character_set_client = utf8mb4 */;
CREATE TABLE `products_images` (
  `id` int NOT NULL AUTO_INCREMENT,
  `product_variant_id` int NOT NULL,
  `img_link` varchar(255) NOT NULL,
  `img_order` int NOT NULL,
  PRIMARY KEY (`id`),
  KEY `fk_products_images_products_idx` (`id`,`product_variant_id`),
  KEY `fk_products_images_product_variants_idx` (`product_variant_id`),
  CONSTRAINT `fk_products_images_product_variants` FOREIGN KEY (`product_variant_id`) REFERENCES `variants_product` (`id`)
) ENGINE=InnoDB AUTO_INCREMENT=63 DEFAULT CHARSET=utf8mb4 COLLATE=utf8mb4_0900_ai_ci;
/*!40101 SET character_set_client = @saved_cs_client */;

--
-- Dumping data for table `products_images`
--

LOCK TABLES `products_images` WRITE;
/*!40000 ALTER TABLE `products_images` DISABLE KEYS */;
INSERT INTO `products_images` VALUES (1,1,'https://cdn.mebelstol.ru/upload/files/d/divan_mebel_ars_grand_veljur_20.jpg',1),(2,1,'https://cdn.mebelstol.ru/upload/files/1/13_764.jpg',2),(3,1,'https://mebelstol.ru/upload/files/1/10_1097.jpg',3),(4,2,'https://mebelstol.ru/upload/files/d/divan_mebel_ars_grand_veljur_6_1.jpg',1),(5,2,'https://mebelstol.ru/upload/files/1/1_5468.jpg',2),(6,2,'https://mebelstol.ru/upload/files/4/4_859.jpg',3),(7,3,'https://mebelstol.ru/upload/files/d/divan_mebel_ars_grand_veljur_18_1.jpg',1),(8,4,'https://svmebel.online/wp-content/uploads/2022/08/divan-tokio-2-pryamoj-seryj-akkordeon-vysokoelastichnyj-ppu-2.jpg',1),(9,4,'https://svmebel.online/wp-content/uploads/2022/08/divan-tokio-2-pryamoj-seryj-akkordeon-vysokoelastichnyj-ppu-1.jpg',2),(10,5,'https://svmebel.online/wp-content/uploads/2022/08/divan-ostin-uglovoj-bezhevyj-pantograf-pruzhinnyj-blok-bonnel-1.jpg',1),(11,5,'https://svmebel.online/wp-content/uploads/2022/08/divan-ostin-uglovoj-bezhevyj-pantograf-pruzhinnyj-blok-bonnel-2.jpg',2),(12,6,'https://svmebel.online/wp-content/uploads/2022/08/divan-kamelot-2-pryamoj-temno-fioletovyj-pantograf-nezavisimyj-pruzhinnyj-blok-1.jpg',1),(13,6,'https://svmebel.online/wp-content/uploads/2022/08/divan-kamelot-2-pryamoj-temno-fioletovyj-pantograf-nezavisimyj-pruzhinnyj-blok-2.jpg',2),(14,7,'https://skfo.silvamebel.ru/upload/resize_cache/webp/iblock/494/854_570_1/9tbodcek2qmxbd6p3h8q5668b4mcg2cn.webp',1),(15,8,'https://skfo.silvamebel.ru/upload/resize_cache/webp/iblock/0b7/854_570_1/y9l534pwclmk0vgoxq6ihn7rb8col1f7.webp',1),(16,9,'https://skfo.silvamebel.ru/upload/resize_cache/webp/iblock/5d9/854_570_1/m7kit3e5z1mz52m5oa9tl78cnznaye4b.webp',1),(17,10,'https://cdn.mebelstol.ru/upload/files/2/2_1150.jpg',1),(18,11,'https://mebelstol.ru/upload/files/3/3_860.jpg',1),(19,12,'https://mebelstol.ru/upload/files/5/5_464.jpg',1),(20,13,'https://cdn.mebelstol.ru/upload/files/1/1121959.jpeg',1),(21,13,'https://cdn.mebelstol.ru/upload/files/2/2_4028.jpg',2),(22,14,'https://mebelstol.ru/upload/files/1/1121958.jpeg',1),(23,14,'https://mebelstol.ru/upload/files/1/1_6053.jpg',2),(24,15,'https://cdn.mebelstol.ru/upload/files/1/1_2888.jpg',1),(25,16,'https://cdn.mebelstol.ru/upload/files/1/1_67.png',1),(26,17,'https://cdn.mebelstol.ru/upload/files/1/1_2739.jpg',1),(27,17,'https://cdn.mebelstol.ru/upload/files/2/2_1147.jpg',2),(28,18,'https://cdn.mebelstol.ru/upload/files/2/223064.jpg',1),(29,18,'https://cdn.mebelstol.ru/upload/files/2/223064_1.jpeg',2),(30,18,'https://cdn.mebelstol.ru/upload/files/2/223064_10.jpeg',3),(31,19,'https://cdn.mebelstol.ru/upload/files/1/153818_8.jpeg',1),(32,19,'https://mebelstol.ru/',2),(33,19,'https://cdn.mebelstol.ru/upload/files/1/153818_5.jpeg',3),(34,20,'https://cdn.mebelstol.ru/upload/files/2/223274.jpg',1),(35,20,'https://cdn.mebelstol.ru/upload/files/2/223274_1.jpeg',2),(36,20,'https://cdn.mebelstol.ru/upload/files/2/223274_1.jpg',3),(37,184,'file:///D:/Graduation%20project/back-end/Initializr/back_end/uploads/images/7/SV_Modern_new_Grifite_2.0-pzfCGstI.jpg',0),(38,184,'file:///D:/Graduation%20project/back-end/Initializr/back_end/uploads/images/7/SV_Modus_Module-wmP1gK4j.jpg',1),(39,184,'file:///D:/Graduation%20project/back-end/Initializr/back_end/uploads/images/7/SV_Provance_Fistashio_2.0-bNVautvw.jpg',2),(40,185,'file:///D:/Graduation%20project/back-end/Initializr/back_end/uploads/images/7/SV_Modern_new_Grifite_2.0-u9vRA1bp.jpg',0),(41,185,'file:///D:/Graduation%20project/back-end/Initializr/back_end/uploads/images/7/SV_Modus_Module-K5JV5ARm.jpg',1),(42,185,'file:///D:/Graduation%20project/back-end/Initializr/back_end/uploads/images/7/SV_Provance_Fistashio_2.0-rSsTLR9u.jpg',2),(48,187,'file:///D:/Graduation%20project/back-end/Initializr/back_end/uploads/images/10/BTS_SlidingDoor_wardrobe_Modern-2WhiteBG-Uh1XwQBj.jpg',1),(49,187,'file:///D:/Graduation%20project/back-end/Initializr/back_end/uploads/images/10/BTS_SlidingDoor_wardrobe_SHKK-11_WHiteBG2-3ZwER3En.jpg',2),(50,187,'file:///D:/Graduation%20project/back-end/Initializr/back_end/uploads/images/10/BTS_SlidingDoor_wardrobe_SHKK-11-oJJhork3.jpg',3),(60,186,'file:///D:/Graduation%20project/back-end/Initializr/back_end/uploads/images/10/58/front_side-rvtJuaei.jpg',1),(62,186,'file:///D:/Graduation%20project/back-end/Initializr/back_end/uploads/images/10/58/trio_white_interior-IeCytPdp.jpg',5);
/*!40000 ALTER TABLE `products_images` ENABLE KEYS */;
UNLOCK TABLES;

--
-- Table structure for table `products_prices`
--

DROP TABLE IF EXISTS `products_prices`;
/*!40101 SET @saved_cs_client     = @@character_set_client */;
/*!50503 SET character_set_client = utf8mb4 */;
CREATE TABLE `products_prices` (
  `id` int NOT NULL AUTO_INCREMENT,
  `product_variant_id` int NOT NULL,
  `price` int NOT NULL,
  `date` date DEFAULT NULL,
  PRIMARY KEY (`id`),
  KEY `fk_prices_product_variants_idx` (`product_variant_id`),
  CONSTRAINT `fk_prices_product_variants` FOREIGN KEY (`product_variant_id`) REFERENCES `variants_product` (`id`)
) ENGINE=InnoDB AUTO_INCREMENT=95 DEFAULT CHARSET=utf8mb4 COLLATE=utf8mb4_0900_ai_ci;
/*!40101 SET character_set_client = @saved_cs_client */;

--
-- Dumping data for table `products_prices`
--

LOCK TABLES `products_prices` WRITE;
/*!40000 ALTER TABLE `products_prices` DISABLE KEYS */;
INSERT INTO `products_prices` VALUES (1,1,35490,'2023-07-08'),(2,2,35490,'2023-07-08'),(3,3,36500,'2023-07-08'),(5,4,34000,'2023-07-09'),(6,5,34000,'2023-07-09'),(7,6,34000,'2023-07-09'),(8,7,45000,'2023-07-09'),(9,8,45000,'2023-07-09'),(10,9,47000,'2023-07-09'),(11,10,22000,'2023-07-09'),(12,11,22000,'2023-07-09'),(13,12,22000,'2023-07-09'),(14,13,22000,'2023-07-09'),(15,14,22000,'2023-07-09'),(16,15,22000,'2023-07-09'),(17,16,78464,'2023-07-09'),(18,17,78037,'2023-07-09'),(19,18,54790,'2023-07-09'),(20,19,34842,'2023-07-09'),(21,20,99837,'2023-07-09'),(22,21,9660,'2023-07-09'),(23,22,28787,'2023-07-09'),(24,23,14957,'2023-07-09'),(25,24,78424,'2023-07-09'),(26,25,57247,'2023-07-09'),(27,26,45965,'2023-07-09'),(28,27,53081,'2023-07-09'),(29,28,27513,'2023-07-09'),(30,29,68322,'2023-07-09'),(31,30,64072,'2023-07-09'),(32,31,15394,'2023-07-09'),(33,32,69755,'2023-07-09'),(34,33,12593,'2023-07-09'),(35,34,38698,'2023-07-09'),(36,35,55712,'2023-07-09'),(37,36,62467,'2023-07-09'),(38,37,45198,'2023-07-09'),(39,38,33591,'2023-07-09'),(40,39,27358,'2023-07-09'),(41,40,31018,'2023-07-09'),(42,41,68017,'2023-07-09'),(43,42,52031,'2023-07-09'),(44,43,51104,'2023-07-09'),(45,44,94426,'2023-07-09'),(46,45,28821,'2023-07-09'),(47,46,45824,'2023-07-09'),(48,47,42656,'2023-07-09'),(49,48,70808,'2023-07-09'),(50,49,31074,'2023-07-09'),(51,50,32947,'2023-07-09'),(52,51,66512,'2023-07-09'),(53,52,38718,'2023-07-09'),(54,53,84054,'2023-07-09'),(55,54,14115,'2023-07-09'),(56,55,98416,'2023-07-09'),(57,56,64734,'2023-07-09'),(58,57,23421,'2023-07-09'),(59,58,12905,'2023-07-09'),(60,59,84263,'2023-07-09'),(61,60,92597,'2023-07-09'),(62,61,15198,'2023-07-09'),(63,62,78197,'2023-07-09'),(64,63,55392,'2023-07-09'),(65,64,37368,'2023-07-09'),(66,65,15664,'2023-07-09'),(67,66,56219,'2023-07-09'),(68,67,39099,'2023-07-09'),(69,68,21842,'2023-07-09'),(70,69,81910,'2023-07-09'),(71,70,54025,'2023-07-09'),(72,71,19396,'2023-07-09'),(73,72,24904,'2023-07-09'),(74,73,61334,'2023-07-09'),(75,74,36957,'2023-07-09'),(76,75,90781,'2023-07-09'),(77,76,53036,'2023-07-09'),(78,77,82835,'2023-07-09'),(79,78,60068,'2023-07-09'),(80,79,46836,'2023-07-09'),(81,80,48976,'2023-07-09'),(82,81,99373,'2023-07-09'),(83,82,59938,'2023-07-09'),(84,83,91568,'2023-07-09'),(85,84,83026,'2023-07-09'),(86,85,40425,'2023-07-09'),(87,86,43048,'2023-07-09'),(88,87,88963,'2023-07-09'),(89,88,25674,'2023-07-09'),(90,89,46478,'2023-07-09'),(91,90,55369,'2023-07-09'),(92,91,37413,'2023-07-09'),(93,92,15957,'2023-07-09'),(94,93,57547,'2023-07-09');
/*!40000 ALTER TABLE `products_prices` ENABLE KEYS */;
UNLOCK TABLES;

--
-- Table structure for table `products_views`
--

DROP TABLE IF EXISTS `products_views`;
/*!40101 SET @saved_cs_client     = @@character_set_client */;
/*!50503 SET character_set_client = utf8mb4 */;
CREATE TABLE `products_views` (
  `id` int NOT NULL AUTO_INCREMENT,
  `visitor_id` int NOT NULL,
  `product_id` int NOT NULL,
  `count` int NOT NULL,
  PRIMARY KEY (`id`),
  KEY `fk_products_views_visitors_idx` (`visitor_id`),
  KEY `fk_products_views_products_idx` (`product_id`),
  CONSTRAINT `fk_products_views_products` FOREIGN KEY (`product_id`) REFERENCES `products` (`id`),
  CONSTRAINT `fk_products_views_visitors` FOREIGN KEY (`visitor_id`) REFERENCES `visitors` (`id`)
) ENGINE=InnoDB DEFAULT CHARSET=utf8mb4 COLLATE=utf8mb4_0900_ai_ci COMMENT='Сдесь считаются именно просмотры товаров, а не их вариантов исполнения. Это сделано осознанно!';
/*!40101 SET character_set_client = @saved_cs_client */;

--
-- Dumping data for table `products_views`
--

LOCK TABLES `products_views` WRITE;
/*!40000 ALTER TABLE `products_views` DISABLE KEYS */;
/*!40000 ALTER TABLE `products_views` ENABLE KEYS */;
UNLOCK TABLES;

--
-- Table structure for table `subcategories`
--

DROP TABLE IF EXISTS `subcategories`;
/*!40101 SET @saved_cs_client     = @@character_set_client */;
/*!50503 SET character_set_client = utf8mb4 */;
CREATE TABLE `subcategories` (
  `id` int NOT NULL AUTO_INCREMENT,
  `sub_name` varchar(60) NOT NULL,
  PRIMARY KEY (`id`),
  KEY `subcategories_id_index` (`id`)
) ENGINE=InnoDB AUTO_INCREMENT=6 DEFAULT CHARSET=utf8mb4 COLLATE=utf8mb4_0900_ai_ci;
/*!40101 SET character_set_client = @saved_cs_client */;

--
-- Dumping data for table `subcategories`
--

LOCK TABLES `subcategories` WRITE;
/*!40000 ALTER TABLE `subcategories` DISABLE KEYS */;
INSERT INTO `subcategories` VALUES (1,'Диваны'),(2,'Шкафы'),(3,'Тумбы'),(4,'Пуфы'),(5,'Мягкие кресла');
/*!40000 ALTER TABLE `subcategories` ENABLE KEYS */;
UNLOCK TABLES;

--
-- Table structure for table `user_roles`
--

DROP TABLE IF EXISTS `user_roles`;
/*!40101 SET @saved_cs_client     = @@character_set_client */;
/*!50503 SET character_set_client = utf8mb4 */;
CREATE TABLE `user_roles` (
  `id` int NOT NULL AUTO_INCREMENT,
  `role` varchar(70) NOT NULL,
  PRIMARY KEY (`id`)
) ENGINE=InnoDB AUTO_INCREMENT=4 DEFAULT CHARSET=utf8mb4 COLLATE=utf8mb4_0900_ai_ci;
/*!40101 SET character_set_client = @saved_cs_client */;

--
-- Dumping data for table `user_roles`
--

LOCK TABLES `user_roles` WRITE;
/*!40000 ALTER TABLE `user_roles` DISABLE KEYS */;
INSERT INTO `user_roles` VALUES (1,'Администратор'),(2,'Редактор'),(3,'Покупатель');
/*!40000 ALTER TABLE `user_roles` ENABLE KEYS */;
UNLOCK TABLES;

--
-- Table structure for table `users`
--

DROP TABLE IF EXISTS `users`;
/*!40101 SET @saved_cs_client     = @@character_set_client */;
/*!50503 SET character_set_client = utf8mb4 */;
CREATE TABLE `users` (
  `id` int NOT NULL AUTO_INCREMENT,
  `login` varchar(255) NOT NULL,
  `role_id` int NOT NULL,
  PRIMARY KEY (`id`),
  UNIQUE KEY `login_UNIQUE` (`login`),
  KEY `fk_users_roles_idx` (`role_id`),
  CONSTRAINT `fk_users_roles` FOREIGN KEY (`role_id`) REFERENCES `user_roles` (`id`)
) ENGINE=InnoDB AUTO_INCREMENT=6 DEFAULT CHARSET=utf8mb4 COLLATE=utf8mb4_0900_ai_ci;
/*!40101 SET character_set_client = @saved_cs_client */;

--
-- Dumping data for table `users`
--

LOCK TABLES `users` WRITE;
/*!40000 ALTER TABLE `users` DISABLE KEYS */;
INSERT INTO `users` VALUES (1,'admin',1),(2,'moderator1',2),(3,'user1',3),(4,'user2',3),(5,'user3',3);
/*!40000 ALTER TABLE `users` ENABLE KEYS */;
UNLOCK TABLES;

--
-- Table structure for table `users_passwords`
--

DROP TABLE IF EXISTS `users_passwords`;
/*!40101 SET @saved_cs_client     = @@character_set_client */;
/*!50503 SET character_set_client = utf8mb4 */;
CREATE TABLE `users_passwords` (
  `id` int NOT NULL AUTO_INCREMENT,
  `user_id` int NOT NULL,
  `password` varchar(255) NOT NULL,
  PRIMARY KEY (`id`),
  KEY `fk_users_passwords_idx` (`user_id`),
  CONSTRAINT `fk_users_passwords` FOREIGN KEY (`user_id`) REFERENCES `users` (`id`)
) ENGINE=InnoDB AUTO_INCREMENT=6 DEFAULT CHARSET=utf8mb4 COLLATE=utf8mb4_0900_ai_ci;
/*!40101 SET character_set_client = @saved_cs_client */;

--
-- Dumping data for table `users_passwords`
--

LOCK TABLES `users_passwords` WRITE;
/*!40000 ALTER TABLE `users_passwords` DISABLE KEYS */;
INSERT INTO `users_passwords` VALUES (1,1,'admin'),(2,2,'moderator'),(3,3,'user1'),(4,4,'user2'),(5,5,'user3');
/*!40000 ALTER TABLE `users_passwords` ENABLE KEYS */;
UNLOCK TABLES;

--
-- Table structure for table `variants_product`
--

DROP TABLE IF EXISTS `variants_product`;
/*!40101 SET @saved_cs_client     = @@character_set_client */;
/*!50503 SET character_set_client = utf8mb4 */;
CREATE TABLE `variants_product` (
  `id` int NOT NULL AUTO_INCREMENT,
  `product_id` int NOT NULL,
  `preview_img` varchar(255) NOT NULL,
  `title` varchar(200) CHARACTER SET utf8mb3 COLLATE utf8mb3_general_ci NOT NULL COMMENT 'Данное поле не будет использоваться в заголовках страницы товаров. Только в названиях вариантов исполнения. При чем заголовок не должен быть слишком длинным',
  `price` int NOT NULL,
  `show_variant` tinyint NOT NULL DEFAULT '1',
  PRIMARY KEY (`id`),
  KEY `fk_products_variants_idx` (`product_id`),
  KEY `product_id_index` (`product_id`),
  KEY `variant_id_index` (`id`),
  CONSTRAINT `fk_products_variants` FOREIGN KEY (`product_id`) REFERENCES `products` (`id`)
) ENGINE=InnoDB AUTO_INCREMENT=188 DEFAULT CHARSET=utf8mb4 COLLATE=utf8mb4_0900_ai_ci COMMENT='Правильнм назвзанием было бы: product_variants, но таблиц с префиксом product и так слишком много, так что данную таблицу будет проще найти при таком именовании)';
/*!40101 SET character_set_client = @saved_cs_client */;

--
-- Dumping data for table `variants_product`
--

LOCK TABLES `variants_product` WRITE;
/*!40000 ALTER TABLE `variants_product` DISABLE KEYS */;
INSERT INTO `variants_product` VALUES (1,1,'https://cdn.mebelstol.ru/upload/preview/d/divan_mebel_ars_grand_veljur_20.jpg','Шоколад',48363,0),(2,1,'https://cdn.mebelstol.ru/upload/preview/d/divan_mebel_ars_grand_veljur_6_1.jpg','Пудра',34888,1),(3,1,'https://cdn.mebelstol.ru/upload/preview/d/divan_mebel_ars_grand_veljur_18_1.jpg','Черный',49352,1),(4,2,'https://svmebel.online/wp-content/uploads/2022/08/divan-tokio-2-pryamoj-seryj-akkordeon-vysokoelastichnyj-ppu-2.jpg','Диван «Токио 2»',22094,1),(5,3,'https://svmebel.online/wp-content/uploads/2022/08/divan-ostin-uglovoj-bezhevyj-pantograf-pruzhinnyj-blok-bonnel-1.jpg','Диван «Остин»',17417,1),(6,4,'https://svmebel.online/wp-content/uploads/2022/08/divan-kamelot-2-pryamoj-temno-fioletovyj-pantograf-nezavisimyj-pruzhinnyj-blok-1.jpg','Диван «Камелот 2»',40801,1),(7,5,'https://skfo.silvamebel.ru/upload/resize_cache/webp/iblock/494/854_570_1/9tbodcek2qmxbd6p3h8q5668b4mcg2cn.webp','Принт салмон',31754,1),(8,5,'https://skfo.silvamebel.ru/upload/resize_cache/webp/iblock/0b7/854_570_1/y9l534pwclmk0vgoxq6ihn7rb8col1f7.webp','Микрофибра',21369,1),(9,5,'https://skfo.silvamebel.ru/upload/resize_cache/webp/iblock/5d9/854_570_1/m7kit3e5z1mz52m5oa9tl78cnznaye4b.webp','М-В Кетс.',31582,1),(10,6,'https://cdn.mebelstol.ru/upload/preview/2/2_1150.jpg','Лоза',43801,1),(11,6,'https://cdn.mebelstol.ru/upload/preview/3/3_860.jpg','Прима',39259,1),(12,6,'https://cdn.mebelstol.ru/upload/preview/5/5_464.jpg','Акварель',49894,1),(13,7,'https://cdn.mebelstol.ru/upload/preview/1/1121959.jpeg','Дуб сонома.',46694,1),(14,7,'https://cdn.mebelstol.ru/upload/preview/1/1121958.jpeg','Белый/Венге',33788,1),(15,8,'https://cdn.mebelstol.ru/upload/preview/1/1_2888.jpg','Кенди/Белый',48857,0),(16,9,'https://cdn.mebelstol.ru/upload/files/1/1_67.png','Белый',22922,1),(17,10,'https://cdn.mebelstol.ru/upload/preview/1/1_2739.jpg','Персик',23039,1),(18,11,'https://cdn.mebelstol.ru/upload/preview/2/223064.jpg','Белый/глянцевый',31430,1),(19,12,'https://cdn.mebelstol.ru/upload/preview/1/153818_8.jpeg','кофейный ликер',38030,1),(20,13,'https://cdn.mebelstol.ru/upload/preview/2/223274.jpg','сосна касцина',45863,0),(21,14,'https://cdn.mebelstol.ru/upload/preview/l/leset_stol_govard_belyj_stul_cheyz_belyj_velutto_32_1.jpg','Белый',30223,1),(22,15,'https://mebelstol.ru/','Белый лак',33525,0),(23,16,'https://cdn.mebelstol.ru/upload/preview/5/5501.jpeg','Махагон',26957,1),(24,16,'https://cdn.mebelstol.ru/upload/preview/1/12008.jpg','Орех темный. Массив. Шпон.',19212,1),(25,16,'https://cdn.mebelstol.ru/upload/preview/5/5946_1.jpeg','Слоновая кость',35187,1),(26,17,'https://cdn.mebelstol.ru/upload/preview/1/19308_1.jpeg','Венге',33298,1),(27,18,'https://cdn.mebelstol.ru/upload/preview/f/fac37e64821679f9686509c33b95adae.jpeg','Белый',45929,1),(28,18,'https://cdn.mebelstol.ru/upload/preview/s/stol-60-60-dsp-white_1.jpeg','Венге',44754,1),(29,18,'https://cdn.mebelstol.ru/upload/preview/s/stol-60-60-dsp-yasen_1.jpeg','Ясень',35980,1),(30,19,'https://cdn.mebelstol.ru/upload/preview/c/catalog_11927942021110011001_1.jpg','Мрамор белый',30639,1),(31,19,'https://cdn.mebelstol.ru/upload/preview/c/catalog_11927942021110011002_1.jpg','Мрамор черный',30253,1),(32,20,'https://svmebel.online/wp-content/uploads/2021/06/stol-brik-chyornyj-sv-mebel.jpg','Черный',44351,1),(33,20,'https://svmebel.online/wp-content/uploads/2021/06/stol-brik-belyj-sv-mebel-768x549.jpg','Белый',45996,1),(34,21,'https://svmebel.online/wp-content/uploads/2023/02/stol-so-3-raskladnoj-belyj-ldsp-sv-mebel-2-768x549.jpg','Белый',46926,1),(35,21,'https://svmebel.online/wp-content/uploads/2023/02/stol-so-3-raskladnoj-dub-zolotoj-ldsp-sv-mebel-2-768x549.jpg','Золотой зуб',46642,0),(36,21,'link','',42432,1),(37,22,'https://svmebel.online/wp-content/uploads/2022/05/stol-ultra-dub-toronto-sv-mebel.jpg','Дуб торонто.',22236,1),(38,22,'https://svmebel.online/wp-content/uploads/2022/05/stol-ultra-chyornyj-matovyj-shagren-sv-mebel-768x549.jpg','Черный',38884,1),(39,23,'https://svmebel.online/wp-content/uploads/2023/02/modulnaya-gostinaya-tokio-belyj-teksturnyj-sv-mebel-2.jpg','Модульная гостиная «Токио»',42709,1),(40,24,'https://svmebel.online/wp-content/uploads/2023/05/shkaf-chetyrehstvorchatyj-belyj-napolnenie-milan-sv-mebel-krasnodar.jpg','Шкаф четырёхстворчатый «Милан» Белый',46896,1),(41,25,'https://svmebel.online/wp-content/uploads/2022/03/mebel-dlya-gostinoj-mgs-5-gostinaya-belyj-czement-svetlyj.jpg','Гостиная «МГС 5»',21351,1),(42,26,'no photo','Шкаф-купе корпус 1,5м \"Лотос/Орфей\"',21068,1),(43,27,'https://alleyadoma.ru/upload/iblock/da4/da4e3e48aaaa56f33a9d7419a461a372.jpg','Черный',26288,1),(44,27,'https://alleyadoma.ru/upload/iblock/62c/62cd57348dc1146cabc6d530e7dfe62a.jpg','Ясень',18236,1),(45,28,'https://svmebel.online/wp-content/uploads/2021/08/divan-krovat-%E2%84%961-yasen-ankor-sv-mebel.jpg','Белый',32317,0),(46,28,'https://svmebel.online/wp-content/uploads/2021/08/divan-krovat-%E2%84%961-dub-sonoma-sv-mebel.jpg','Дуб сонома',21874,1),(47,29,'https://parkmebeli.com/wp-content/uploads/2023/02/detskaya-vega-dm-09-krovat-08h186-sosna-kareliya-sv-mebel.jpg','ДМ-09 Кровать «Вега» 0,8 м',32419,1),(48,30,'https://svmebel.online/wp-content/uploads/2023/02/krovat-tokio-belyj-teksturnyj-sv-mebel-768x549.jpg','Кровать двуспальная 1,6 м «Токио»',46475,1),(49,31,'https://svmebel.online/wp-content/uploads/2021/07/detskaya-grej-krovat-divan-s-yashhikami-czement-svetlyj-belyj-s-fotopechatyu-sv-mebel.jpg','Кровать-диван',15116,1),(50,32,'https://svmebel.online/wp-content/uploads/2022/05/krovat-18-m-kr-101-aleksandriya-sv-mebel.jpg','Кровать 1.8 м КР-101 «Александрия»',26156,1),(51,33,'https://cdn.mebelstol.ru/upload/preview/a/alfa_brown_2_1.png','Коричневый',35432,1),(52,33,'https://cdn.mebelstol.ru/upload/preview/a/alfa_grey_2.png','Темно-серый',48692,1),(53,33,'https://cdn.mebelstol.ru/upload/preview/a/alfa_dark_blue_2.png','Темно-серый',17165,1),(54,34,'https://cdn.mebelstol.ru/upload/preview/d/d07713f69f5a077e571271a5c51469ba.jpg','Коричневый',29750,1),(55,34,'https://cdn.mebelstol.ru/upload/preview/2/222421f50a2a9cdcc7ffb8be4d855273.jpg','Зеленый',47253,1),(56,34,'https://cdn.mebelstol.ru/upload/preview/f/fe249902b90b5b4a3eafb7310576706b.jpg','Бежевый',27014,1),(57,35,'https://svmebel.online/wp-content/uploads/2023/06/matras-comforto-sono.jpg','Матрас Comforto',48312,1),(58,36,'https://svmebel.online/wp-content/uploads/2022/09/matras-komfo-hollo-miks-sono.jpg','Матрас Comfo холло микс',40517,0),(59,37,'https://svmebel.online/wp-content/uploads/2022/09/matras-norma-norma-sono.jpg','Матрас Norma',42651,1),(60,38,'https://svmebel.online/wp-content/uploads/2022/09/matras-comfo-sezon-sono.jpg','Матрас Comfo сезон',41702,1),(61,39,'https://svmebel.online/wp-content/uploads/2022/09/matras-extra-miks.jpg','Матрас Extra микс',30556,1),(62,40,'https://svmebel.online/wp-content/uploads/2021/08/puf-kvadratik-santeks-venge-sv-mebel.jpg','Черный',47674,1),(63,40,'https://svmebel.online/wp-content/uploads/2021/08/puf-kvadratik-santeks-belyj-sv-mebel.jpg','Белый',26702,0),(64,41,'https://svmebel.online/wp-content/uploads/2021/08/puf-grusha-seryj-s-printom-gazeta-sv-mebel.jpg','Пуф «Груша»',45491,1),(65,42,'https://cdn.mebelstol.ru/upload/preview/p/puf-sharlotta-s-yashchikom-velyur-zelenyj_white_1_1.jpeg','Зеленый',27346,1),(66,42,'https://cdn.mebelstol.ru/upload/preview/p/puf-sharlotta-s-yashchikom-velyur-rozovyj_white_1_1.jpeg','Розовый',20257,1),(67,42,'https://cdn.mebelstol.ru/upload/preview/p/puf-sharlotta-s-yashchikom-velyur-seryj_white_1_1.jpeg','Серый',39248,1),(68,43,'https://cdn.mebelstol.ru/upload/preview/k/knjhvfrd.jpg','c-221',15467,1),(69,43,'https://cdn.mebelstol.ru/upload/preview/k/kjihgytfds.jpg','c-121',49593,1),(70,43,'https://cdn.mebelstol.ru/upload/preview/n/njniuhvutfcugy.jpg','c-332',46565,1),(71,44,'https://cdn.mebelstol.ru/upload/preview/c/catalog_11927942023020052010_1.jpg','Розовый',34044,1),(72,44,'https://cdn.mebelstol.ru/upload/preview/c/catalog_11927942023020052013_1.jpg','Серый',15524,1),(73,44,'https://cdn.mebelstol.ru/upload/preview/c/catalog_11927942023020052014_1.jpg','Зеленый',30491,1),(74,45,'https://cdn.mebelstol.ru/upload/preview/2/25eb668d0f3c14ccdcbee66bf2e7b083_1.jpeg','Дуб ниагара',20882,1),(75,46,'link','',32937,1),(76,46,'link','',17039,0),(77,46,'link','',41384,1),(78,47,'https://cdn.mebelstol.ru/upload/preview/2/2023-02-15_17-48-10.jpg','Белый',35801,1),(79,47,'https://cdn.mebelstol.ru/upload/preview/2/2023-02-15_18-55-20.jpg','Сонома',39855,1),(80,47,'https://cdn.mebelstol.ru/upload/preview/2/2023-02-15_18-28-43.jpg','Венге',41872,1),(81,48,'https://cdn.mebelstol.ru/upload/preview/4/4_1_32.jpg','Белый',39794,1),(82,48,'https://cdn.mebelstol.ru/upload/preview/4/4_1_31.jpg','Сонома',23356,1),(83,48,'https://cdn.mebelstol.ru/upload/preview/4/4_1_30.jpg','Венге',17395,1),(84,49,'https://cdn.mebelstol.ru/upload/preview/m/mbi-kas-10_2.jpg','Белый',36910,1),(85,49,'https://cdn.mebelstol.ru/upload/preview/k/kastor_10_sonoma_close.jpg','Сонома',47365,1),(86,49,'https://cdn.mebelstol.ru/upload/preview/k/kastor_10_wenge_close.jpg','Венге',41094,1),(87,50,'https://cdn.mebelstol.ru/upload/preview/4/4_487.jpg','Крафт',48374,1),(88,51,'https://cdn.mebelstol.ru/upload/preview/1/1_768.jpg','венге/лоредо',33588,1),(89,52,'https://cutt.ly/Gwic3CLP','дуб сонома',42817,1),(90,53,'https://mebelony.ru/images/BTS_HOME/3%D0%9F%D1%80%D0%B8%D1%85%D0%BE%D0%B6%D0%B8%D0%B5/%D0%9B%D0%B8%D1%80%D0%B0_NEW/%D0%9B%D0%B8%D1%80%D0%B0-NEW.jpg','венге/лоредо',28324,1),(91,54,'https://mebelony.ru/images/BTS_HOME/3%D0%9F%D1%80%D0%B8%D1%85%D0%BE%D0%B6%D0%B8%D0%B5/%D0%A2%D1%80%D0%B0%D0%BC%D0%BF/%D0%A2%D1%80%D0%B0%D0%BC%D0%BF-%D0%BF%D1%80%D0%B8%D1%85%D0%BE%D0%B6%D0%B0%D1%8F-%D0%B2%D0%B8%D0%B4-2.jpg','крафт/бетон',33167,1),(92,55,'https://cutt.ly/Vwic3v95','лорпедо',30865,1),(93,55,'Это уже ссылка на cutt.ly.','венге',39822,1),(94,1,'https://cdn.mebelstol.ru/upload/preview/d/divan_mebel_ars_grand_veljur_20.jpg','Шоколад',35490,1),(95,1,'https://cdn.mebelstol.ru/upload/preview/d/divan_mebel_ars_grand_veljur_6_1.jpg','Пудра',35490,1),(96,1,'https://cdn.mebelstol.ru/upload/preview/d/divan_mebel_ars_grand_veljur_18_1.jpg','Черный',36500,0),(97,2,'https://svmebel.online/wp-content/uploads/2022/08/divan-tokio-2-pryamoj-seryj-akkordeon-vysokoelastichnyj-ppu-2.jpg','Диван «Токио 2»',34000,1),(98,3,'https://svmebel.online/wp-content/uploads/2022/08/divan-ostin-uglovoj-bezhevyj-pantograf-pruzhinnyj-blok-bonnel-1.jpg','Диван «Остин»',34000,0),(99,4,'https://svmebel.online/wp-content/uploads/2022/08/divan-kamelot-2-pryamoj-temno-fioletovyj-pantograf-nezavisimyj-pruzhinnyj-blok-1.jpg','Диван «Камелот 2»',34000,1),(100,5,'https://skfo.silvamebel.ru/upload/resize_cache/webp/iblock/494/854_570_1/9tbodcek2qmxbd6p3h8q5668b4mcg2cn.webp','Принт салмон',34000,0),(101,5,'https://skfo.silvamebel.ru/upload/resize_cache/webp/iblock/0b7/854_570_1/y9l534pwclmk0vgoxq6ihn7rb8col1f7.webp','Микрофибра',34000,1),(102,5,'https://skfo.silvamebel.ru/upload/resize_cache/webp/iblock/5d9/854_570_1/m7kit3e5z1mz52m5oa9tl78cnznaye4b.webp','М-В Кетс.',34000,1),(103,6,'https://cdn.mebelstol.ru/upload/preview/2/2_1150.jpg','Лоза',45000,1),(104,6,'https://cdn.mebelstol.ru/upload/preview/3/3_860.jpg','Прима',45000,1),(105,6,'https://cdn.mebelstol.ru/upload/preview/5/5_464.jpg','Акварель',47000,1),(106,7,'https://cdn.mebelstol.ru/upload/preview/1/1121959.jpeg','Дуб сонома.',22000,1),(107,7,'https://cdn.mebelstol.ru/upload/preview/1/1121958.jpeg','Белый/Венге',22000,0),(108,8,'https://cdn.mebelstol.ru/upload/preview/1/1_2888.jpg','Кенди/Белый',22000,1),(109,9,'https://cdn.mebelstol.ru/upload/files/1/1_67.png','Белый',22000,1),(110,10,'https://cdn.mebelstol.ru/upload/preview/1/1_2739.jpg','Персик',22000,0),(111,11,'https://cdn.mebelstol.ru/upload/preview/2/223064.jpg','Белый/глянцевый',22000,1),(112,12,'https://cdn.mebelstol.ru/upload/preview/1/153818_8.jpeg','кофейный ликер',59483,1),(113,13,'https://cdn.mebelstol.ru/upload/preview/2/223274.jpg','сосна касцина',44734,1),(114,14,'https://cdn.mebelstol.ru/upload/preview/l/leset_stol_govard_belyj_stul_cheyz_belyj_velutto_32_1.jpg','Белый',40220,1),(115,15,'https://mebelstol.ru/','Белый лак',61897,1),(116,16,'https://cdn.mebelstol.ru/upload/preview/5/5501.jpeg','Махагон',88824,1),(117,16,'https://cdn.mebelstol.ru/upload/preview/1/12008.jpg','Орех темный. Массив. Шпон.',63431,1),(118,16,'https://cdn.mebelstol.ru/upload/preview/5/5946_1.jpeg','Слоновая кость',45681,1),(119,17,'https://cdn.mebelstol.ru/upload/preview/1/19308_1.jpeg','Венге',33114,1),(120,18,'https://cdn.mebelstol.ru/upload/preview/f/fac37e64821679f9686509c33b95adae.jpeg','Белый',23524,0),(121,18,'https://cdn.mebelstol.ru/upload/preview/s/stol-60-60-dsp-white_1.jpeg','Венге',13281,1),(122,18,'https://cdn.mebelstol.ru/upload/preview/s/stol-60-60-dsp-yasen_1.jpeg','Ясень',85832,1),(123,19,'https://cdn.mebelstol.ru/upload/preview/c/catalog_11927942021110011001_1.jpg','Мрамор белый',99317,0),(124,19,'https://cdn.mebelstol.ru/upload/preview/c/catalog_11927942021110011002_1.jpg','Мрамор черный',44091,1),(125,20,'https://svmebel.online/wp-content/uploads/2021/06/stol-brik-chyornyj-sv-mebel.jpg','Черный',12503,1),(126,20,'https://svmebel.online/wp-content/uploads/2021/06/stol-brik-belyj-sv-mebel-768x549.jpg','Белый',20243,0),(127,21,'https://svmebel.online/wp-content/uploads/2023/02/stol-so-3-raskladnoj-belyj-ldsp-sv-mebel-2-768x549.jpg','Белый',58706,1),(128,21,'https://svmebel.online/wp-content/uploads/2023/02/stol-so-3-raskladnoj-dub-zolotoj-ldsp-sv-mebel-2-768x549.jpg','Золотой зуб',37799,1),(129,22,'https://svmebel.online/wp-content/uploads/2022/05/stol-ultra-dub-toronto-sv-mebel.jpg','Дуб торонто.',7878,0),(130,22,'https://svmebel.online/wp-content/uploads/2022/05/stol-ultra-chyornyj-matovyj-shagren-sv-mebel-768x549.jpg','Черный',15992,1),(131,23,'https://svmebel.online/wp-content/uploads/2023/02/modulnaya-gostinaya-tokio-belyj-teksturnyj-sv-mebel-2.jpg','Модульная гостиная «Токио»',51326,1),(132,24,'https://svmebel.online/wp-content/uploads/2023/05/shkaf-chetyrehstvorchatyj-belyj-napolnenie-milan-sv-mebel-krasnodar.jpg','Шкаф четырёхстворчатый «Милан» Белый',13653,1),(133,25,'https://svmebel.online/wp-content/uploads/2022/03/mebel-dlya-gostinoj-mgs-5-gostinaya-belyj-czement-svetlyj.jpg','Гостиная «МГС 5»',99286,1),(134,26,'no photo','Шкаф-купе корпус 1,5м \"Лотос/Орфей\"',70474,1),(135,27,'https://alleyadoma.ru/upload/iblock/da4/da4e3e48aaaa56f33a9d7419a461a372.jpg','Черный',49513,1),(136,27,'https://alleyadoma.ru/upload/iblock/62c/62cd57348dc1146cabc6d530e7dfe62a.jpg','Ясень',31141,1),(137,28,'https://svmebel.online/wp-content/uploads/2021/08/divan-krovat-%E2%84%961-yasen-ankor-sv-mebel.jpg','Белый',97167,1),(138,28,'https://svmebel.online/wp-content/uploads/2021/08/divan-krovat-%E2%84%961-dub-sonoma-sv-mebel.jpg','Дуб сонома',7414,1),(139,29,'https://parkmebeli.com/wp-content/uploads/2023/02/detskaya-vega-dm-09-krovat-08h186-sosna-kareliya-sv-mebel.jpg','ДМ-09 Кровать «Вега» 0,8 м',25565,1),(140,30,'https://svmebel.online/wp-content/uploads/2023/02/krovat-tokio-belyj-teksturnyj-sv-mebel-768x549.jpg','Кровать двуспальная 1,6 м «Токио»',5586,1),(141,31,'https://svmebel.online/wp-content/uploads/2021/07/detskaya-grej-krovat-divan-s-yashhikami-czement-svetlyj-belyj-s-fotopechatyu-sv-mebel.jpg','Кровать-диван',41233,1),(142,32,'https://svmebel.online/wp-content/uploads/2022/05/krovat-18-m-kr-101-aleksandriya-sv-mebel.jpg','Кровать 1.8 м КР-101 «Александрия»',89407,1),(143,33,'https://cdn.mebelstol.ru/upload/preview/a/alfa_brown_2_1.png','Коричневый',33339,1),(144,33,'https://cdn.mebelstol.ru/upload/preview/a/alfa_grey_2.png','Темно-серый',83470,1),(145,33,'https://cdn.mebelstol.ru/upload/preview/a/alfa_dark_blue_2.png','Темно-серый',27336,1),(146,34,'https://cdn.mebelstol.ru/upload/preview/d/d07713f69f5a077e571271a5c51469ba.jpg','Коричневый',71268,0),(147,34,'https://cdn.mebelstol.ru/upload/preview/2/222421f50a2a9cdcc7ffb8be4d855273.jpg','Зеленый',79331,1),(148,34,'https://cdn.mebelstol.ru/upload/preview/f/fe249902b90b5b4a3eafb7310576706b.jpg','Бежевый',82853,1),(149,35,'https://svmebel.online/wp-content/uploads/2023/06/matras-comforto-sono.jpg','Матрас Comforto',76270,0),(150,36,'https://svmebel.online/wp-content/uploads/2022/09/matras-komfo-hollo-miks-sono.jpg','Матрас Comfo холло микс',32790,1),(151,37,'https://svmebel.online/wp-content/uploads/2022/09/matras-norma-norma-sono.jpg','Матрас Norma',25143,1),(152,38,'https://svmebel.online/wp-content/uploads/2022/09/matras-comfo-sezon-sono.jpg','Матрас Comfo сезон',22342,1),(153,39,'https://svmebel.online/wp-content/uploads/2022/09/matras-extra-miks.jpg','Матрас Extra микс',31283,1),(154,40,'https://svmebel.online/wp-content/uploads/2021/08/puf-kvadratik-santeks-venge-sv-mebel.jpg','Черный',84387,1),(155,40,'https://svmebel.online/wp-content/uploads/2021/08/puf-kvadratik-santeks-belyj-sv-mebel.jpg','Белый',38089,1),(156,41,'https://svmebel.online/wp-content/uploads/2021/08/puf-grusha-seryj-s-printom-gazeta-sv-mebel.jpg','Пуф «Груша»',27284,1),(157,42,'https://cdn.mebelstol.ru/upload/preview/p/puf-sharlotta-s-yashchikom-velyur-zelenyj_white_1_1.jpeg','Зеленый',17150,0),(158,42,'https://cdn.mebelstol.ru/upload/preview/p/puf-sharlotta-s-yashchikom-velyur-rozovyj_white_1_1.jpeg','Розовый',93900,0),(159,42,'https://cdn.mebelstol.ru/upload/preview/p/puf-sharlotta-s-yashchikom-velyur-seryj_white_1_1.jpeg','Серый',33049,1),(160,43,'https://cdn.mebelstol.ru/upload/preview/k/knjhvfrd.jpg','c-221',68544,1),(161,43,'https://cdn.mebelstol.ru/upload/preview/k/kjihgytfds.jpg','c-121',48575,1),(162,43,'https://cdn.mebelstol.ru/upload/preview/n/njniuhvutfcugy.jpg','c-332',32244,1),(163,44,'https://cdn.mebelstol.ru/upload/preview/c/catalog_11927942023020052010_1.jpg','Розовый',10496,0),(164,44,'https://cdn.mebelstol.ru/upload/preview/c/catalog_11927942023020052013_1.jpg','Серый',45745,0),(165,44,'https://cdn.mebelstol.ru/upload/preview/c/catalog_11927942023020052014_1.jpg','Зеленый',97237,0),(166,45,'https://cdn.mebelstol.ru/upload/preview/2/25eb668d0f3c14ccdcbee66bf2e7b083_1.jpeg','Дуб ниагара',58949,1),(167,46,'link','',93034,1),(168,47,'https://cdn.mebelstol.ru/upload/preview/2/2023-02-15_17-48-10.jpg','Белый',93326,1),(169,47,'https://cdn.mebelstol.ru/upload/preview/2/2023-02-15_18-55-20.jpg','Сонома',87525,1),(170,47,'https://cdn.mebelstol.ru/upload/preview/2/2023-02-15_18-28-43.jpg','Венге',57648,1),(171,48,'https://cdn.mebelstol.ru/upload/preview/4/4_1_32.jpg','Белый',20664,0),(172,48,'https://cdn.mebelstol.ru/upload/preview/4/4_1_31.jpg','Сонома',20377,0),(173,48,'https://cdn.mebelstol.ru/upload/preview/4/4_1_30.jpg','Венге',34893,1),(174,49,'https://cdn.mebelstol.ru/upload/preview/m/mbi-kas-10_2.jpg','Белый',13336,0),(175,49,'https://cdn.mebelstol.ru/upload/preview/k/kastor_10_sonoma_close.jpg','Сонома',51998,1),(176,49,'https://cdn.mebelstol.ru/upload/preview/k/kastor_10_wenge_close.jpg','Венге',24982,1),(177,50,'https://cdn.mebelstol.ru/upload/preview/4/4_487.jpg','Крафт',58915,1),(178,51,'https://cdn.mebelstol.ru/upload/preview/1/1_768.jpg','венге/лоредо',24629,1),(179,52,'https://cutt.ly/Gwic3CLP','дуб сонома',36401,0),(180,53,'https://mebelony.ru/images/BTS_HOME/3%D0%9F%D1%80%D0%B8%D1%85%D0%BE%D0%B6%D0%B8%D0%B5/%D0%9B%D0%B8%D1%80%D0%B0_NEW/%D0%9B%D0%B8%D1%80%D0%B0-NEW.jpg','венге/лоредо',8118,0),(182,55,'https://cutt.ly/Vwic3v95','лорпедо',77585,1),(183,55,'Это уже ссылка на cutt.ly.','венге',33759,1),(184,56,'file:///D:/Graduation%20project/back-end/Initializr/back_end/uploads/thumbnails/7/SV_Modern_new_Grifite_2.0-pzfCGstI-thumb.jpg',' ',32000,1),(185,57,'file:///D:/Graduation%20project/back-end/Initializr/back_end/uploads/thumbnails/7/SV_Modern_new_Grifite_2.0-u9vRA1bp-thumb.jpg',' ',32000,0),(186,58,'file:///D:/Graduation%20project/back-end/Initializr/back_end/uploads/thumbnails/10/58/front_side-rvtJuaei-thumb.jpg',' ',120000,1),(187,59,'file:///D:/Graduation%20project/back-end/Initializr/back_end/uploads/thumbnails/10/BTS_SlidingDoor_wardrobe_Modern-2WhiteBG-Uh1XwQBj-thumb.jpg',' ',45000,1);
/*!40000 ALTER TABLE `variants_product` ENABLE KEYS */;
UNLOCK TABLES;

--
-- Temporary view structure for view `view_categories`
--

DROP TABLE IF EXISTS `view_categories`;
/*!50001 DROP VIEW IF EXISTS `view_categories`*/;
SET @saved_cs_client     = @@character_set_client;
/*!50503 SET character_set_client = utf8mb4 */;
/*!50001 CREATE VIEW `view_categories` AS SELECT 
 1 AS `id`,
 1 AS `name`,
 1 AS `subcategory_name`,
 1 AS `parent_category`,
 1 AS `parent_id`,
 1 AS `subcategory_id`*/;
SET character_set_client = @saved_cs_client;

--
-- Temporary view structure for view `view_products`
--

DROP TABLE IF EXISTS `view_products`;
/*!50001 DROP VIEW IF EXISTS `view_products`*/;
SET @saved_cs_client     = @@character_set_client;
/*!50503 SET character_set_client = utf8mb4 */;
/*!50001 CREATE VIEW `view_products` AS SELECT 
 1 AS `id`,
 1 AS `product_name`,
 1 AS `description`,
 1 AS `category`,
 1 AS `parent_category`,
 1 AS `producer_name`,
 1 AS `is_available`,
 1 AS `show_product`*/;
SET character_set_client = @saved_cs_client;

--
-- Temporary view structure for view `view_products_features`
--

DROP TABLE IF EXISTS `view_products_features`;
/*!50001 DROP VIEW IF EXISTS `view_products_features`*/;
SET @saved_cs_client     = @@character_set_client;
/*!50503 SET character_set_client = utf8mb4 */;
/*!50001 CREATE VIEW `view_products_features` AS SELECT 
 1 AS `product_id`,
 1 AS `product_name`,
 1 AS `description`,
 1 AS `category`,
 1 AS `parent_category`,
 1 AS `producer_name`,
 1 AS `is_available`,
 1 AS `show_product`,
 1 AS `feature`,
 1 AS `feature_value`*/;
SET character_set_client = @saved_cs_client;

--
-- Table structure for table `visitors`
--

DROP TABLE IF EXISTS `visitors`;
/*!40101 SET @saved_cs_client     = @@character_set_client */;
/*!50503 SET character_set_client = utf8mb4 */;
CREATE TABLE `visitors` (
  `id` int NOT NULL AUTO_INCREMENT,
  `ip_address` text NOT NULL,
  `fingerprint` text,
  PRIMARY KEY (`id`)
) ENGINE=InnoDB DEFAULT CHARSET=utf8mb4 COLLATE=utf8mb4_0900_ai_ci;
/*!40101 SET character_set_client = @saved_cs_client */;

--
-- Dumping data for table `visitors`
--

LOCK TABLES `visitors` WRITE;
/*!40000 ALTER TABLE `visitors` DISABLE KEYS */;
/*!40000 ALTER TABLE `visitors` ENABLE KEYS */;
UNLOCK TABLES;

--
-- Final view structure for view `view_categories`
--

/*!50001 DROP VIEW IF EXISTS `view_categories`*/;
/*!50001 SET @saved_cs_client          = @@character_set_client */;
/*!50001 SET @saved_cs_results         = @@character_set_results */;
/*!50001 SET @saved_col_connection     = @@collation_connection */;
/*!50001 SET character_set_client      = utf8mb4 */;
/*!50001 SET character_set_results     = utf8mb4 */;
/*!50001 SET collation_connection      = utf8mb4_0900_ai_ci */;
/*!50001 CREATE ALGORITHM=UNDEFINED */
/*!50013 DEFINER=`root`@`localhost` SQL SECURITY DEFINER */
/*!50001 VIEW `view_categories` AS select `categories`.`id` AS `id`,ifnull(`categories`.`category_name`,'---') AS `name`,ifnull(`subcategories`.`sub_name`,'---') AS `subcategory_name`,`parent_category`.`category_name` AS `parent_category`,`categories`.`parent_id` AS `parent_id`,`subcategories`.`id` AS `subcategory_id` from ((`categories` left join `subcategories` on((`categories`.`subcategory_id` = `subcategories`.`id`))) join `categories` `parent_category` on((`categories`.`parent_id` = `parent_category`.`id`))) */;
/*!50001 SET character_set_client      = @saved_cs_client */;
/*!50001 SET character_set_results     = @saved_cs_results */;
/*!50001 SET collation_connection      = @saved_col_connection */;

--
-- Final view structure for view `view_products`
--

/*!50001 DROP VIEW IF EXISTS `view_products`*/;
/*!50001 SET @saved_cs_client          = @@character_set_client */;
/*!50001 SET @saved_cs_results         = @@character_set_results */;
/*!50001 SET @saved_col_connection     = @@collation_connection */;
/*!50001 SET character_set_client      = utf8mb4 */;
/*!50001 SET character_set_results     = utf8mb4 */;
/*!50001 SET collation_connection      = utf8mb4_0900_ai_ci */;
/*!50001 CREATE ALGORITHM=UNDEFINED */
/*!50013 DEFINER=`root`@`localhost` SQL SECURITY DEFINER */
/*!50001 VIEW `view_products` AS select `products`.`id` AS `id`,`products`.`product_name` AS `product_name`,`products`.`description` AS `description`,ifnull(`categories`.`category_name`,`s`.`sub_name`) AS `category`,(select `cat`.`category_name` from `categories` `cat` where (`cat`.`id` = `categories`.`parent_id`)) AS `parent_category`,`producers`.`producer_name` AS `producer_name`,if((`products`.`is_available` = 1),'true','false') AS `is_available`,if((`products`.`show_product` = 1),'true','false') AS `show_product` from ((`products` join (`categories` left join `subcategories` `s` on((`categories`.`subcategory_id` = `s`.`id`))) on((`products`.`category_id` = `categories`.`id`))) join `producers` on((`products`.`producer_id` = `producers`.`id`))) */;
/*!50001 SET character_set_client      = @saved_cs_client */;
/*!50001 SET character_set_results     = @saved_cs_results */;
/*!50001 SET collation_connection      = @saved_col_connection */;

--
-- Final view structure for view `view_products_features`
--

/*!50001 DROP VIEW IF EXISTS `view_products_features`*/;
/*!50001 SET @saved_cs_client          = @@character_set_client */;
/*!50001 SET @saved_cs_results         = @@character_set_results */;
/*!50001 SET @saved_col_connection     = @@collation_connection */;
/*!50001 SET character_set_client      = utf8mb4 */;
/*!50001 SET character_set_results     = utf8mb4 */;
/*!50001 SET collation_connection      = utf8mb4_0900_ai_ci */;
/*!50001 CREATE ALGORITHM=UNDEFINED */
/*!50013 DEFINER=`root`@`localhost` SQL SECURITY DEFINER */
/*!50001 VIEW `view_products_features` AS select `products`.`id` AS `product_id`,`products`.`product_name` AS `product_name`,`products`.`description` AS `description`,ifnull(`categories`.`category_name`,`s`.`sub_name`) AS `category`,(select `cat`.`category_name` from `categories` `cat` where (`cat`.`id` = `categories`.`parent_id`)) AS `parent_category`,`producers`.`producer_name` AS `producer_name`,if((`products`.`is_available` = 1),'true','false') AS `is_available`,if((`products`.`show_product` = 1),'true','false') AS `show_product`,`p_attr`.`attr_name` AS `feature`,ifnull(`av`.`txt_values`,convert(ifnull(`av`.`int_value`,ifnull(`av`.`float_value`,ifnull(`av`.`double_value`,ifnull(`av`.`bool_value`,`av`.`date_value`)))) using utf8mb4)) AS `feature_value` from (((`products` join (`categories` left join `subcategories` `s` on((`categories`.`subcategory_id` = `s`.`id`))) on((`products`.`category_id` = `categories`.`id`))) join `producers` on((`products`.`producer_id` = `producers`.`id`))) join (`attributes_values` `av` join `products_attributes` `p_attr` on((`av`.`attribute_id` = `p_attr`.`id`))) on((`av`.`product_id` = `products`.`id`))) */;
/*!50001 SET character_set_client      = @saved_cs_client */;
/*!50001 SET character_set_results     = @saved_cs_results */;
/*!50001 SET collation_connection      = @saved_col_connection */;
/*!40103 SET TIME_ZONE=@OLD_TIME_ZONE */;

/*!40101 SET SQL_MODE=@OLD_SQL_MODE */;
/*!40014 SET FOREIGN_KEY_CHECKS=@OLD_FOREIGN_KEY_CHECKS */;
/*!40014 SET UNIQUE_CHECKS=@OLD_UNIQUE_CHECKS */;
/*!40101 SET CHARACTER_SET_CLIENT=@OLD_CHARACTER_SET_CLIENT */;
/*!40101 SET CHARACTER_SET_RESULTS=@OLD_CHARACTER_SET_RESULTS */;
/*!40101 SET COLLATION_CONNECTION=@OLD_COLLATION_CONNECTION */;
/*!40111 SET SQL_NOTES=@OLD_SQL_NOTES */;

-- Dump completed on 2023-08-27 20:01:30
