CREATE DATABASE  IF NOT EXISTS `furniture_shop` /*!40100 DEFAULT CHARACTER SET utf8mb4 COLLATE utf8mb4_0900_ai_ci */ /*!80016 DEFAULT ENCRYPTION='N' */;
USE `furniture_shop`;
-- MySQL dump 10.13  Distrib 8.0.30, for Win64 (x86_64)
--
-- Host: localhost    Database: furniture_shop
-- ------------------------------------------------------
-- Server version	8.0.30

/*!40101 SET @OLD_CHARACTER_SET_CLIENT=@@CHARACTER_SET_CLIENT */;
/*!40101 SET @OLD_CHARACTER_SET_RESULTS=@@CHARACTER_SET_RESULTS */;
/*!40101 SET @OLD_COLLATION_CONNECTION=@@COLLATION_CONNECTION */;
/*!50503 SET NAMES utf8 */;
/*!40103 SET @OLD_TIME_ZONE=@@TIME_ZONE */;
/*!40103 SET TIME_ZONE='+00:00' */;
/*!40014 SET @OLD_UNIQUE_CHECKS=@@UNIQUE_CHECKS, UNIQUE_CHECKS=0 */;
/*!40014 SET @OLD_FOREIGN_KEY_CHECKS=@@FOREIGN_KEY_CHECKS, FOREIGN_KEY_CHECKS=0 */;
/*!40101 SET @OLD_SQL_MODE=@@SQL_MODE, SQL_MODE='NO_AUTO_VALUE_ON_ZERO' */;
/*!40111 SET @OLD_SQL_NOTES=@@SQL_NOTES, SQL_NOTES=0 */;

--
-- Table structure for table `attributes_categories`
--

DROP TABLE IF EXISTS `attributes_categories`;
/*!40101 SET @saved_cs_client     = @@character_set_client */;
/*!50503 SET character_set_client = utf8mb4 */;
CREATE TABLE `attributes_categories` (
  `id` int NOT NULL AUTO_INCREMENT,
  `attribute_id` int NOT NULL,
  `category_id` int NOT NULL,
  PRIMARY KEY (`id`),
  KEY `fk_ac_attributes_idx` (`attribute_id`),
  KEY `fk_ac_categories_idx` (`category_id`),
  CONSTRAINT `fk_ac_attributes` FOREIGN KEY (`attribute_id`) REFERENCES `products_attributes` (`id`),
  CONSTRAINT `fk_ac_categories` FOREIGN KEY (`category_id`) REFERENCES `categories` (`id`)
) ENGINE=InnoDB AUTO_INCREMENT=317 DEFAULT CHARSET=utf8mb4 COLLATE=utf8mb4_0900_ai_ci;
/*!40101 SET character_set_client = @saved_cs_client */;

--
-- Dumping data for table `attributes_categories`
--

LOCK TABLES `attributes_categories` WRITE;
/*!40000 ALTER TABLE `attributes_categories` DISABLE KEYS */;
INSERT INTO `attributes_categories` VALUES (1,1,7),(2,2,7),(3,3,7),(4,4,7),(5,5,7),(6,6,7),(7,7,7),(8,8,7),(9,9,7),(10,11,7),(11,12,7),(12,14,7),(13,15,7),(14,18,7),(15,19,7),(16,21,7),(17,30,7),(18,31,7),(19,1,8),(20,2,8),(21,3,8),(22,4,8),(23,5,8),(24,6,8),(25,7,8),(26,8,8),(27,9,8),(28,11,8),(29,12,8),(30,13,8),(31,14,8),(32,15,8),(33,18,8),(34,19,8),(35,24,8),(36,25,8),(37,1,9),(38,2,9),(39,3,9),(40,4,9),(41,5,9),(42,6,9),(43,7,9),(44,8,9),(45,9,9),(46,11,9),(47,12,9),(48,13,9),(49,14,9),(50,15,9),(51,18,9),(52,19,9),(53,24,9),(54,1,10),(55,2,10),(56,3,10),(57,4,10),(58,5,10),(59,6,10),(60,7,10),(61,8,10),(62,9,10),(63,11,10),(64,12,10),(65,13,10),(66,14,10),(67,15,10),(68,24,10),(69,32,10),(70,1,11),(71,2,11),(72,3,11),(73,4,11),(74,5,11),(75,6,11),(76,7,11),(77,8,11),(78,9,11),(79,11,11),(80,12,11),(81,13,11),(82,14,11),(83,15,11),(84,20,11),(85,22,11),(86,24,11),(87,27,11),(88,28,11),(89,29,11),(90,35,11),(91,36,11),(92,1,12),(93,2,12),(94,3,12),(95,12,12),(96,14,12),(97,15,12),(98,26,12),(99,27,12),(100,33,12),(101,38,12),(102,1,13),(103,2,13),(104,3,13),(105,5,13),(106,6,13),(107,7,13),(108,8,13),(109,9,13),(110,11,13),(111,12,13),(112,13,13),(113,14,13),(114,15,13),(115,24,13),(116,1,14),(117,2,14),(118,3,14),(119,4,14),(120,5,14),(121,6,14),(122,7,14),(123,8,14),(124,9,14),(125,11,14),(126,12,14),(127,13,14),(128,14,14),(129,15,14),(130,1,15),(131,2,15),(132,3,15),(133,4,15),(134,5,15),(135,6,15),(136,7,15),(137,8,15),(138,9,15),(139,11,15),(140,12,15),(141,13,15),(142,14,15),(143,15,15),(144,16,15),(145,17,15),(146,24,15),(147,26,15),(148,1,16),(149,2,16),(150,3,16),(151,5,16),(152,6,16),(153,7,16),(154,8,16),(155,9,16),(156,11,16),(157,12,16),(158,13,16),(159,14,16),(160,15,16),(161,24,16),(162,33,16),(163,34,16),(164,1,17),(165,2,17),(166,3,17),(167,4,17),(168,5,17),(169,6,17),(170,7,17),(171,8,17),(172,9,17),(173,11,17),(174,12,17),(175,13,17),(176,14,17),(177,15,17),(178,18,17),(179,19,17),(180,24,17),(181,25,17),(182,1,19),(183,2,19),(184,3,19),(185,4,19),(186,5,19),(187,6,19),(188,7,19),(189,8,19),(190,9,19),(191,11,19),(192,12,19),(193,13,19),(194,14,19),(195,15,19),(196,17,19),(197,24,19),(198,26,19),(199,34,19),(200,1,21),(201,2,21),(202,3,21),(203,4,21),(204,5,21),(205,6,21),(206,7,21),(207,8,21),(208,9,21),(209,11,21),(210,12,21),(211,13,21),(212,14,21),(213,15,21),(214,24,21),(215,32,21),(216,1,23),(217,2,23),(218,3,23),(219,4,23),(220,5,23),(221,6,23),(222,7,23),(223,8,23),(224,9,23),(225,11,23),(226,12,23),(227,13,23),(228,14,23),(229,15,23),(230,30,23),(231,31,23),(232,1,24),(233,2,24),(234,3,24),(235,4,24),(236,5,24),(237,6,24),(238,7,24),(239,8,24),(240,9,24),(241,11,24),(242,12,24),(243,13,24),(244,14,24),(245,15,24),(246,16,24),(247,17,24),(248,24,24),(249,26,24),(250,1,25),(251,2,25),(252,3,25),(253,4,25),(254,5,25),(255,6,25),(256,7,25),(257,8,25),(258,9,25),(259,11,25),(260,12,25),(261,13,25),(262,14,25),(263,15,25),(264,20,25),(265,22,25),(266,24,25),(267,27,25),(268,28,25),(269,29,25),(270,35,25),(271,36,25),(272,1,26),(273,2,26),(274,3,26),(275,12,26),(276,14,26),(277,15,26),(278,26,26),(279,27,26),(280,33,26),(281,37,26),(282,38,26),(283,1,27),(284,2,27),(285,3,27),(286,4,27),(287,5,27),(288,6,27),(289,7,27),(290,8,27),(291,9,27),(292,11,27),(293,12,27),(294,13,27),(295,14,27),(296,15,27),(297,1,30),(298,2,30),(299,3,30),(300,4,30),(301,5,30),(302,6,30),(303,7,30),(304,8,30),(305,9,30),(306,11,30),(307,12,30),(308,13,30),(309,14,30),(310,15,30),(311,16,30),(312,17,30),(313,24,30),(314,26,30),(315,39,12),(316,40,12);
/*!40000 ALTER TABLE `attributes_categories` ENABLE KEYS */;
UNLOCK TABLES;

--
-- Table structure for table `attributes_values`
--

DROP TABLE IF EXISTS `attributes_values`;
/*!40101 SET @saved_cs_client     = @@character_set_client */;
/*!50503 SET character_set_client = utf8mb4 */;
CREATE TABLE `attributes_values` (
  `id` bigint NOT NULL AUTO_INCREMENT,
  `attribute_id` int NOT NULL,
  `product_id` int NOT NULL,
  `txt_values` varchar(255) DEFAULT NULL,
  `int_value` int DEFAULT NULL,
  `float_value` float DEFAULT NULL,
  `double_value` double DEFAULT NULL,
  `bool_value` bit(1) DEFAULT NULL,
  `date_value` datetime(6) DEFAULT NULL,
  PRIMARY KEY (`id`),
  KEY `fk_atributes_values_products_idx` (`product_id`),
  KEY `fk_attributes_values_attribute_idx` (`attribute_id`),
  KEY `product_id_idx` (`product_id`) /*!80000 INVISIBLE */,
  KEY `attribute_id_idx` (`attribute_id`),
  CONSTRAINT `fk_attributes_values_attribute` FOREIGN KEY (`attribute_id`) REFERENCES `products_attributes` (`id`),
  CONSTRAINT `fk_attributes_values_products` FOREIGN KEY (`product_id`) REFERENCES `products` (`id`)
) ENGINE=InnoDB AUTO_INCREMENT=2014 DEFAULT CHARSET=utf8mb4 COLLATE=utf8mb4_0900_ai_ci COMMENT='Поле product_id в данной таблице ссылается именно на запись в таблице товаров, а не вариантов товаров, поскольку для разных вариантов исполнения характеристики остаются одними и теме же, меняется только представление товара (фотографии галереи и preview)';
/*!40101 SET character_set_client = @saved_cs_client */;

--
-- Dumping data for table `attributes_values`
--

LOCK TABLES `attributes_values` WRITE;
/*!40000 ALTER TABLE `attributes_values` DISABLE KEYS */;
INSERT INTO `attributes_values` VALUES (1009,1,1,NULL,736,NULL,NULL,NULL,NULL),(1010,2,1,NULL,569,NULL,NULL,NULL,NULL),(1011,3,1,NULL,656,NULL,NULL,NULL,NULL),(1012,4,1,NULL,554,NULL,NULL,NULL,NULL),(1013,5,1,'Велюр',NULL,NULL,NULL,NULL,NULL),(1014,6,1,'Современный',NULL,NULL,NULL,NULL,NULL),(1015,7,1,'Раскладной',NULL,NULL,NULL,NULL,NULL),(1016,8,1,NULL,NULL,NULL,NULL,NULL,NULL),(1017,9,1,NULL,NULL,NULL,NULL,NULL,NULL),(1018,11,1,'12 мес.',NULL,NULL,NULL,NULL,NULL),(1019,12,1,'Россия',NULL,NULL,NULL,NULL,NULL),(1020,13,1,'Для спальни',NULL,NULL,NULL,NULL,NULL),(1021,14,1,'Дорогие',NULL,NULL,NULL,NULL,NULL),(1022,15,1,'С подлокотниками',NULL,NULL,NULL,NULL,NULL),(1023,15,1,'Со спальным местом',NULL,NULL,NULL,NULL,NULL),(1024,15,1,'С подушками',NULL,NULL,NULL,NULL,NULL),(1025,16,1,'Аккордеон',NULL,NULL,NULL,NULL,NULL),(1026,17,1,'Дерево',NULL,NULL,NULL,NULL,NULL),(1027,24,1,'Классическая',NULL,NULL,NULL,NULL,NULL),(1028,26,1,'ППУ',NULL,NULL,NULL,NULL,NULL),(1029,1,2,NULL,561,NULL,NULL,NULL,NULL),(1030,2,2,NULL,642,NULL,NULL,NULL,NULL),(1031,3,2,NULL,509,NULL,NULL,NULL,NULL),(1032,4,2,NULL,638,NULL,NULL,NULL,NULL),(1033,5,2,'Велюр',NULL,NULL,NULL,NULL,NULL),(1034,6,2,'Современный',NULL,NULL,NULL,NULL,NULL),(1035,7,2,'Раскладной',NULL,NULL,NULL,NULL,NULL),(1036,8,2,NULL,NULL,NULL,NULL,NULL,NULL),(1037,9,2,NULL,NULL,NULL,NULL,NULL,NULL),(1038,11,2,'12 мес.',NULL,NULL,NULL,NULL,NULL),(1039,12,2,'Россия',NULL,NULL,NULL,NULL,NULL),(1040,13,2,'Для спальни',NULL,NULL,NULL,NULL,NULL),(1041,14,2,'Дорогие',NULL,NULL,NULL,NULL,NULL),(1042,15,2,'С подлокотниками',NULL,NULL,NULL,NULL,NULL),(1043,15,2,'Со спальным местом',NULL,NULL,NULL,NULL,NULL),(1044,16,2,'Аккордеон',NULL,NULL,NULL,NULL,NULL),(1045,17,2,'Металлокаркас',NULL,NULL,NULL,NULL,NULL),(1046,24,2,'Классическая',NULL,NULL,NULL,NULL,NULL),(1047,26,2,'ППУ',NULL,NULL,NULL,NULL,NULL),(1048,1,3,NULL,643,NULL,NULL,NULL,NULL),(1049,2,3,NULL,541,NULL,NULL,NULL,NULL),(1050,3,3,NULL,537,NULL,NULL,NULL,NULL),(1051,4,3,NULL,560,NULL,NULL,NULL,NULL),(1052,5,3,'Кожа',NULL,NULL,NULL,NULL,NULL),(1053,6,3,'Современный',NULL,NULL,NULL,NULL,NULL),(1054,7,3,'Раскладной',NULL,NULL,NULL,NULL,NULL),(1055,8,3,NULL,NULL,NULL,NULL,NULL,NULL),(1056,9,3,NULL,NULL,NULL,NULL,NULL,NULL),(1057,11,3,'12 мес.',NULL,NULL,NULL,NULL,NULL),(1058,12,3,'Россия',NULL,NULL,NULL,NULL,NULL),(1059,13,3,'Для спальни',NULL,NULL,NULL,NULL,NULL),(1060,14,3,'Дорогие',NULL,NULL,NULL,NULL,NULL),(1061,15,3,'С подлокотниками',NULL,NULL,NULL,NULL,NULL),(1062,15,3,'Со спальным местом',NULL,NULL,NULL,NULL,NULL),(1063,16,3,'Тик-так. Еврокнижка',NULL,NULL,NULL,NULL,NULL),(1064,17,3,'Металлокаркас',NULL,NULL,NULL,NULL,NULL),(1065,24,3,'Классическая',NULL,NULL,NULL,NULL,NULL),(1066,26,3,'ППУ',NULL,NULL,NULL,NULL,NULL),(1067,1,4,NULL,689,NULL,NULL,NULL,NULL),(1068,2,4,NULL,746,NULL,NULL,NULL,NULL),(1069,3,4,NULL,642,NULL,NULL,NULL,NULL),(1070,4,4,NULL,733,NULL,NULL,NULL,NULL),(1071,5,4,'Велюр',NULL,NULL,NULL,NULL,NULL),(1072,6,4,'Современный',NULL,NULL,NULL,NULL,NULL),(1073,7,4,'Раскладной',NULL,NULL,NULL,NULL,NULL),(1074,8,4,NULL,NULL,NULL,NULL,NULL,NULL),(1075,9,4,NULL,NULL,NULL,NULL,NULL,NULL),(1076,11,4,'18 месяцев',NULL,NULL,NULL,NULL,NULL),(1077,12,4,'Россия',NULL,NULL,NULL,NULL,NULL),(1078,13,4,'Для спальни',NULL,NULL,NULL,NULL,NULL),(1079,14,4,'Дорогие',NULL,NULL,NULL,NULL,NULL),(1080,15,4,'Со спальным местом',NULL,NULL,NULL,NULL,NULL),(1081,16,4,'Пантограф',NULL,NULL,NULL,NULL,NULL),(1082,17,4,'Металл',NULL,NULL,NULL,NULL,NULL),(1083,24,4,'Классическая',NULL,NULL,NULL,NULL,NULL),(1084,26,4,'ППУ',NULL,NULL,NULL,NULL,NULL),(1085,1,5,NULL,720,NULL,NULL,NULL,NULL),(1086,2,5,NULL,640,NULL,NULL,NULL,NULL),(1087,3,5,NULL,541,NULL,NULL,NULL,NULL),(1088,4,5,NULL,546,NULL,NULL,NULL,NULL),(1089,5,5,'Велюр',NULL,NULL,NULL,NULL,NULL),(1090,6,5,'Современный',NULL,NULL,NULL,NULL,NULL),(1091,7,5,'Прямой',NULL,NULL,NULL,NULL,NULL),(1092,8,5,NULL,NULL,NULL,NULL,NULL,NULL),(1093,9,5,NULL,NULL,NULL,NULL,NULL,NULL),(1094,11,5,'18 месяцев',NULL,NULL,NULL,NULL,NULL),(1095,12,5,'Россия',NULL,NULL,NULL,NULL,NULL),(1096,13,5,'Для гостинной',NULL,NULL,NULL,NULL,NULL),(1097,14,5,'Дорогие',NULL,NULL,NULL,NULL,NULL),(1098,15,5,'С подлокотниками',NULL,NULL,NULL,NULL,NULL),(1099,15,5,'Спальное место интегрировано',NULL,NULL,NULL,NULL,NULL),(1100,16,5,NULL,NULL,NULL,NULL,NULL,NULL),(1101,17,5,'Металл',NULL,NULL,NULL,NULL,NULL),(1102,24,5,'Классическая',NULL,NULL,NULL,NULL,NULL),(1103,26,5,'ППУ',NULL,NULL,NULL,NULL,NULL),(1104,1,6,NULL,605,NULL,NULL,NULL,NULL),(1105,2,6,NULL,629,NULL,NULL,NULL,NULL),(1106,3,6,NULL,569,NULL,NULL,NULL,NULL),(1107,4,6,NULL,86,NULL,NULL,NULL,NULL),(1108,5,6,'ЛДСП',NULL,NULL,NULL,NULL,NULL),(1109,5,6,'МДФ',NULL,NULL,NULL,NULL,NULL),(1110,6,6,NULL,NULL,NULL,NULL,NULL,NULL),(1111,7,6,NULL,NULL,NULL,NULL,NULL,NULL),(1112,8,6,NULL,NULL,NULL,NULL,NULL,NULL),(1113,9,6,NULL,10,NULL,NULL,NULL,NULL),(1114,11,6,NULL,NULL,NULL,NULL,NULL,NULL),(1115,12,6,NULL,NULL,NULL,NULL,NULL,NULL),(1116,14,6,'Средняя',NULL,NULL,NULL,NULL,NULL),(1117,15,6,NULL,NULL,NULL,NULL,NULL,NULL),(1118,18,6,'Столешница \"Антарес\"',NULL,NULL,NULL,NULL,NULL),(1119,19,6,NULL,NULL,NULL,NULL,NULL,NULL),(1120,21,6,'МДФ',NULL,NULL,NULL,NULL,NULL),(1121,30,6,NULL,NULL,NULL,NULL,NULL,NULL),(1122,31,6,NULL,NULL,NULL,NULL,NULL,NULL),(1123,1,7,NULL,659,NULL,NULL,NULL,NULL),(1124,2,7,NULL,699,NULL,NULL,NULL,NULL),(1125,3,7,NULL,759,NULL,NULL,NULL,NULL),(1126,4,7,NULL,93,NULL,NULL,NULL,NULL),(1127,5,7,'ЛДСП',NULL,NULL,NULL,NULL,NULL),(1128,6,7,NULL,NULL,NULL,NULL,NULL,NULL),(1129,7,7,NULL,NULL,NULL,NULL,NULL,NULL),(1130,8,7,NULL,NULL,NULL,NULL,NULL,NULL),(1131,9,7,NULL,10,NULL,NULL,NULL,NULL),(1132,11,7,NULL,NULL,NULL,NULL,NULL,NULL),(1133,12,7,NULL,NULL,NULL,NULL,NULL,NULL),(1134,14,7,'Средняя',NULL,NULL,NULL,NULL,NULL),(1135,15,7,NULL,NULL,NULL,NULL,NULL,NULL),(1136,18,7,'ЛДСП',NULL,NULL,NULL,NULL,NULL),(1137,19,7,NULL,NULL,NULL,NULL,NULL,NULL),(1138,21,7,'МДФ',NULL,NULL,NULL,NULL,NULL),(1139,30,7,NULL,NULL,NULL,NULL,NULL,NULL),(1140,31,7,NULL,NULL,NULL,NULL,NULL,NULL),(1141,1,8,NULL,535,NULL,NULL,NULL,NULL),(1142,2,8,NULL,594,NULL,NULL,NULL,NULL),(1143,3,8,NULL,606,NULL,NULL,NULL,NULL),(1144,4,8,NULL,82,NULL,NULL,NULL,NULL),(1145,5,8,'ЛДСП',NULL,NULL,NULL,NULL,NULL),(1146,5,8,'МДФ',NULL,NULL,NULL,NULL,NULL),(1147,6,8,NULL,NULL,NULL,NULL,NULL,NULL),(1148,7,8,NULL,NULL,NULL,NULL,NULL,NULL),(1149,8,8,NULL,NULL,NULL,NULL,NULL,NULL),(1150,9,8,NULL,9,NULL,NULL,NULL,NULL),(1151,11,8,NULL,NULL,NULL,NULL,NULL,NULL),(1152,12,8,NULL,NULL,NULL,NULL,NULL,NULL),(1153,14,8,'Средняя',NULL,NULL,NULL,NULL,NULL),(1154,15,8,NULL,NULL,NULL,NULL,NULL,NULL),(1155,18,8,'ЛДСП',NULL,NULL,NULL,NULL,NULL),(1156,19,8,NULL,NULL,NULL,NULL,NULL,NULL),(1157,21,8,'МДФ “Блёстки Оранж',NULL,NULL,NULL,NULL,NULL),(1158,30,8,NULL,NULL,NULL,NULL,NULL,NULL),(1159,31,8,NULL,NULL,NULL,NULL,NULL,NULL),(1160,1,9,NULL,681,NULL,NULL,NULL,NULL),(1161,2,9,NULL,752,NULL,NULL,NULL,NULL),(1162,3,9,NULL,695,NULL,NULL,NULL,NULL),(1163,4,9,NULL,87,NULL,NULL,NULL,NULL),(1164,5,9,'ЛДСП',NULL,NULL,NULL,NULL,NULL),(1165,6,9,NULL,NULL,NULL,NULL,NULL,NULL),(1166,7,9,NULL,NULL,NULL,NULL,NULL,NULL),(1167,8,9,NULL,NULL,NULL,NULL,NULL,NULL),(1168,9,9,NULL,7,NULL,NULL,NULL,NULL),(1169,11,9,NULL,NULL,NULL,NULL,NULL,NULL),(1170,12,9,NULL,NULL,NULL,NULL,NULL,NULL),(1171,14,9,'Низкая',NULL,NULL,NULL,NULL,NULL),(1172,15,9,NULL,NULL,NULL,NULL,NULL,NULL),(1173,18,9,'ЛДСП',NULL,NULL,NULL,NULL,NULL),(1174,19,9,NULL,NULL,NULL,NULL,NULL,NULL),(1175,21,9,'ЛДСП Белый',NULL,NULL,NULL,NULL,NULL),(1176,30,9,NULL,NULL,NULL,NULL,NULL,NULL),(1177,31,9,NULL,NULL,NULL,NULL,NULL,NULL),(1178,1,10,NULL,547,NULL,NULL,NULL,NULL),(1179,2,10,NULL,524,NULL,NULL,NULL,NULL),(1180,3,10,NULL,740,NULL,NULL,NULL,NULL),(1181,4,10,NULL,107,NULL,NULL,NULL,NULL),(1182,5,10,'ЛДСП',NULL,NULL,NULL,NULL,NULL),(1183,5,10,'МДФ',NULL,NULL,NULL,NULL,NULL),(1184,6,10,NULL,NULL,NULL,NULL,NULL,NULL),(1185,7,10,NULL,NULL,NULL,NULL,NULL,NULL),(1186,8,10,NULL,NULL,NULL,NULL,NULL,NULL),(1187,9,10,NULL,8,NULL,NULL,NULL,NULL),(1188,11,10,'Нет',NULL,NULL,NULL,NULL,NULL),(1189,12,10,NULL,NULL,NULL,NULL,NULL,NULL),(1190,14,10,'Средняя',NULL,NULL,NULL,NULL,NULL),(1191,15,10,NULL,NULL,NULL,NULL,NULL,NULL),(1192,18,10,'ЛДСП',NULL,NULL,NULL,NULL,NULL),(1193,19,10,NULL,NULL,NULL,NULL,NULL,NULL),(1194,21,10,'МДФ “Блёстки Оранж”',NULL,NULL,NULL,NULL,NULL),(1195,30,10,NULL,NULL,NULL,NULL,NULL,NULL),(1196,31,10,NULL,NULL,NULL,NULL,NULL,NULL),(1197,1,11,NULL,620,NULL,NULL,NULL,NULL),(1198,2,11,NULL,664,NULL,NULL,NULL,NULL),(1199,3,11,NULL,700,NULL,NULL,NULL,NULL),(1200,4,11,NULL,82,NULL,NULL,NULL,NULL),(1201,5,11,NULL,NULL,NULL,NULL,NULL,NULL),(1202,6,11,NULL,NULL,NULL,NULL,NULL,NULL),(1203,7,11,NULL,NULL,NULL,NULL,NULL,NULL),(1204,8,11,NULL,NULL,NULL,NULL,NULL,NULL),(1205,9,11,NULL,NULL,NULL,NULL,NULL,NULL),(1206,11,11,NULL,NULL,NULL,NULL,NULL,NULL),(1207,12,11,NULL,NULL,NULL,NULL,NULL,NULL),(1208,13,11,NULL,NULL,NULL,NULL,NULL,NULL),(1209,14,11,NULL,10,NULL,NULL,NULL,NULL),(1210,15,11,NULL,NULL,NULL,NULL,NULL,NULL),(1211,18,11,NULL,NULL,NULL,NULL,NULL,NULL),(1212,19,11,NULL,NULL,NULL,NULL,NULL,NULL),(1213,24,11,NULL,NULL,NULL,NULL,NULL,NULL),(1214,1,12,NULL,639,NULL,NULL,NULL,NULL),(1215,2,12,NULL,558,NULL,NULL,NULL,NULL),(1216,3,12,NULL,632,NULL,NULL,NULL,NULL),(1217,4,12,NULL,24,NULL,NULL,NULL,NULL),(1218,5,12,'Металл',NULL,NULL,NULL,NULL,NULL),(1219,5,12,'МДФ',NULL,NULL,NULL,NULL,NULL),(1220,6,12,'Современный',NULL,NULL,NULL,NULL,NULL),(1221,7,12,'Раздвижной',NULL,NULL,NULL,NULL,NULL),(1222,8,12,'Маленькие',NULL,NULL,NULL,NULL,NULL),(1223,9,12,NULL,8,NULL,NULL,NULL,NULL),(1224,11,12,NULL,NULL,NULL,NULL,NULL,NULL),(1225,12,12,NULL,NULL,NULL,NULL,NULL,NULL),(1226,13,12,'Для кухни',NULL,NULL,NULL,NULL,NULL),(1227,14,12,'Дорогие',NULL,NULL,NULL,NULL,NULL),(1228,15,12,NULL,NULL,NULL,NULL,NULL,NULL),(1229,18,12,'МДФ',NULL,NULL,NULL,NULL,NULL),(1230,19,12,'металл',NULL,NULL,NULL,NULL,NULL),(1231,24,12,'Прямоугольные',NULL,NULL,NULL,NULL,NULL),(1232,25,12,NULL,4,NULL,NULL,NULL,NULL),(1233,1,13,NULL,680,NULL,NULL,NULL,NULL),(1234,2,13,NULL,725,NULL,NULL,NULL,NULL),(1235,3,13,NULL,564,NULL,NULL,NULL,NULL),(1236,4,13,NULL,31,NULL,NULL,NULL,NULL),(1237,5,13,'Металл',NULL,NULL,NULL,NULL,NULL),(1238,5,13,'ЛДСП',NULL,NULL,NULL,NULL,NULL),(1239,6,13,'Современный',NULL,NULL,NULL,NULL,NULL),(1240,7,13,'Раздвижной',NULL,NULL,NULL,NULL,NULL),(1241,8,13,'Маленькие',NULL,NULL,NULL,NULL,NULL),(1242,9,13,NULL,10,NULL,NULL,NULL,NULL),(1243,11,13,NULL,NULL,NULL,NULL,NULL,NULL),(1244,12,13,NULL,NULL,NULL,NULL,NULL,NULL),(1245,13,13,'Для кухни',NULL,NULL,NULL,NULL,NULL),(1246,14,13,'Дорогие',NULL,NULL,NULL,NULL,NULL),(1247,15,13,NULL,NULL,NULL,NULL,NULL,NULL),(1248,18,13,'ЛДСП',NULL,NULL,NULL,NULL,NULL),(1249,19,13,'металл',NULL,NULL,NULL,NULL,NULL),(1250,24,13,'Прямоугольные',NULL,NULL,NULL,NULL,NULL),(1251,25,13,NULL,4,NULL,NULL,NULL,NULL),(1252,1,14,NULL,565,NULL,NULL,NULL,NULL),(1253,2,14,NULL,749,NULL,NULL,NULL,NULL),(1254,3,14,NULL,510,NULL,NULL,NULL,NULL),(1255,4,14,NULL,40,NULL,NULL,NULL,NULL),(1256,5,14,'Дерево',NULL,NULL,NULL,NULL,NULL),(1257,5,14,'Шпон',NULL,NULL,NULL,NULL,NULL),(1258,6,14,'Современный',NULL,NULL,NULL,NULL,NULL),(1259,7,14,'Раздвижной',NULL,NULL,NULL,NULL,NULL),(1260,8,14,'Маленькие',NULL,NULL,NULL,NULL,NULL),(1261,9,14,NULL,10,NULL,NULL,NULL,NULL),(1262,11,14,NULL,NULL,NULL,NULL,NULL,NULL),(1263,12,14,NULL,NULL,NULL,NULL,NULL,NULL),(1264,13,14,'Для кухни',NULL,NULL,NULL,NULL,NULL),(1265,14,14,'Дорогие',NULL,NULL,NULL,NULL,NULL),(1266,15,14,NULL,NULL,NULL,NULL,NULL,NULL),(1267,18,14,'Дерево. Шпон',NULL,NULL,NULL,NULL,NULL),(1268,19,14,'массив',NULL,NULL,NULL,NULL,NULL),(1269,24,14,'Круглый',NULL,NULL,NULL,NULL,NULL),(1270,25,14,NULL,4,NULL,NULL,NULL,NULL),(1271,1,15,NULL,622,NULL,NULL,NULL,NULL),(1272,2,15,NULL,729,NULL,NULL,NULL,NULL),(1273,3,15,NULL,501,NULL,NULL,NULL,NULL),(1274,4,15,NULL,39,NULL,NULL,NULL,NULL),(1275,5,15,'Массив',NULL,NULL,NULL,NULL,NULL),(1276,6,15,'Скандинавский (IKEA)',NULL,NULL,NULL,NULL,NULL),(1277,7,15,'Раздвижной',NULL,NULL,NULL,NULL,NULL),(1278,8,15,'Маленькие',NULL,NULL,NULL,NULL,NULL),(1279,9,15,NULL,8,NULL,NULL,NULL,NULL),(1280,11,15,NULL,NULL,NULL,NULL,NULL,NULL),(1281,12,15,'Беларусь',NULL,NULL,NULL,NULL,NULL),(1282,13,15,'Для кухни',NULL,NULL,NULL,NULL,NULL),(1283,14,15,'Дорогие',NULL,NULL,NULL,NULL,NULL),(1284,15,15,NULL,NULL,NULL,NULL,NULL,NULL),(1285,18,15,'массив',NULL,NULL,NULL,NULL,NULL),(1286,19,15,'массив',NULL,NULL,NULL,NULL,NULL),(1287,24,15,'Круглый',NULL,NULL,NULL,NULL,NULL),(1288,25,15,NULL,4,NULL,NULL,NULL,NULL),(1289,1,16,NULL,555,NULL,NULL,NULL,NULL),(1290,2,16,NULL,620,NULL,NULL,NULL,NULL),(1291,3,16,NULL,672,NULL,NULL,NULL,NULL),(1292,4,16,NULL,22,NULL,NULL,NULL,NULL),(1293,5,16,'МДФ',NULL,NULL,NULL,NULL,NULL),(1294,5,16,'шпон',NULL,NULL,NULL,NULL,NULL),(1295,6,16,'Классический',NULL,NULL,NULL,NULL,NULL),(1296,7,16,'Раздвижной',NULL,NULL,NULL,NULL,NULL),(1297,8,16,'Большие',NULL,NULL,NULL,NULL,NULL),(1298,9,16,NULL,9,NULL,NULL,NULL,NULL),(1299,11,16,NULL,NULL,NULL,NULL,NULL,NULL),(1300,12,16,'Россия',NULL,NULL,NULL,NULL,NULL),(1301,13,16,'Для кухни',NULL,NULL,NULL,NULL,NULL),(1302,14,16,'Дорогие',NULL,NULL,NULL,NULL,NULL),(1303,15,16,'С одной ножкой',NULL,NULL,NULL,NULL,NULL),(1304,18,16,'МДФ.Шпон',NULL,NULL,NULL,NULL,NULL),(1305,19,16,'массив',NULL,NULL,NULL,NULL,NULL),(1306,24,16,'Круглые',NULL,NULL,NULL,NULL,NULL),(1307,1,17,NULL,587,NULL,NULL,NULL,NULL),(1308,2,17,NULL,711,NULL,NULL,NULL,NULL),(1309,3,17,NULL,516,NULL,NULL,NULL,NULL),(1310,4,17,NULL,24,NULL,NULL,NULL,NULL),(1311,5,17,'Дерево',NULL,NULL,NULL,NULL,NULL),(1312,5,17,'МДФ',NULL,NULL,NULL,NULL,NULL),(1313,6,17,'Классический',NULL,NULL,NULL,NULL,NULL),(1314,7,17,'Раздвижной',NULL,NULL,NULL,NULL,NULL),(1315,8,17,'Большие.Широкие',NULL,NULL,NULL,NULL,NULL),(1316,9,17,NULL,11,NULL,NULL,NULL,NULL),(1317,11,17,NULL,NULL,NULL,NULL,NULL,NULL),(1318,12,17,'Россия',NULL,NULL,NULL,NULL,NULL),(1319,13,17,'Для кухни',NULL,NULL,NULL,NULL,NULL),(1320,14,17,'Дорогие',NULL,NULL,NULL,NULL,NULL),(1321,15,17,'Матовые',NULL,NULL,NULL,NULL,NULL),(1322,18,17,'Дерево.МДФ',NULL,NULL,NULL,NULL,NULL),(1323,19,17,'массив',NULL,NULL,NULL,NULL,NULL),(1324,24,17,'Овальные',NULL,NULL,NULL,NULL,NULL),(1325,1,18,NULL,595,NULL,NULL,NULL,NULL),(1326,2,18,NULL,557,NULL,NULL,NULL,NULL),(1327,3,18,NULL,502,NULL,NULL,NULL,NULL),(1328,4,18,NULL,39,NULL,NULL,NULL,NULL),(1329,5,18,'ЛДСП',NULL,NULL,NULL,NULL,NULL),(1330,6,18,NULL,NULL,NULL,NULL,NULL,NULL),(1331,7,18,'Раскладной',NULL,NULL,NULL,NULL,NULL),(1332,8,18,'Маленькие.Широкие',NULL,NULL,NULL,NULL,NULL),(1333,9,18,NULL,8,NULL,NULL,NULL,NULL),(1334,11,18,NULL,NULL,NULL,NULL,NULL,NULL),(1335,12,18,'Россия',NULL,NULL,NULL,NULL,NULL),(1336,13,18,'Для кухни',NULL,NULL,NULL,NULL,NULL),(1337,14,18,'Дорогие',NULL,NULL,NULL,NULL,NULL),(1338,15,18,'Матовые',NULL,NULL,NULL,NULL,NULL),(1339,18,18,'ЛДСП',NULL,NULL,NULL,NULL,NULL),(1340,19,18,'массив',NULL,NULL,NULL,NULL,NULL),(1341,24,18,'Прямоугольные. Длинные',NULL,NULL,NULL,NULL,NULL),(1342,25,18,NULL,8,NULL,NULL,NULL,NULL),(1343,1,19,NULL,551,NULL,NULL,NULL,NULL),(1344,2,19,NULL,602,NULL,NULL,NULL,NULL),(1345,3,19,NULL,593,NULL,NULL,NULL,NULL),(1346,4,19,NULL,31,NULL,NULL,NULL,NULL),(1347,5,19,'Стекло',NULL,NULL,NULL,NULL,NULL),(1348,5,19,'металл',NULL,NULL,NULL,NULL,NULL),(1349,6,19,'Скандинавский (IKEA)',NULL,NULL,NULL,NULL,NULL),(1350,7,19,'Нераскладной',NULL,NULL,NULL,NULL,NULL),(1351,8,19,'',NULL,NULL,NULL,NULL,NULL),(1352,9,19,NULL,12,NULL,NULL,NULL,NULL),(1353,11,19,NULL,NULL,NULL,NULL,NULL,NULL),(1354,12,19,'Россия',NULL,NULL,NULL,NULL,NULL),(1355,13,19,'Для кухни',NULL,NULL,NULL,NULL,NULL),(1356,14,19,'Дорогие',NULL,NULL,NULL,NULL,NULL),(1357,15,19,'Матовые',NULL,NULL,NULL,NULL,NULL),(1358,18,19,'Стекло',NULL,NULL,NULL,NULL,NULL),(1359,19,19,'металл',NULL,NULL,NULL,NULL,NULL),(1360,24,19,'Круглые',NULL,NULL,NULL,NULL,NULL),(1361,1,20,NULL,583,NULL,NULL,NULL,NULL),(1362,2,20,NULL,626,NULL,NULL,NULL,NULL),(1363,3,20,NULL,622,NULL,NULL,NULL,NULL),(1364,4,20,NULL,23,NULL,NULL,NULL,NULL),(1365,5,20,'ЛДСП',NULL,NULL,NULL,NULL,NULL),(1366,5,20,'Дерево',NULL,NULL,NULL,NULL,NULL),(1367,6,20,'Скандинавский (IKEA)',NULL,NULL,NULL,NULL,NULL),(1368,7,20,'Нераскладной',NULL,NULL,NULL,NULL,NULL),(1369,8,20,'Средний',NULL,NULL,NULL,NULL,NULL),(1370,9,20,NULL,12,NULL,NULL,NULL,NULL),(1371,11,20,NULL,NULL,NULL,NULL,NULL,NULL),(1372,12,20,'Россия',NULL,NULL,NULL,NULL,NULL),(1373,13,20,'Для кухни',NULL,NULL,NULL,NULL,NULL),(1374,14,20,'Дорогие',NULL,NULL,NULL,NULL,NULL),(1375,15,20,'Матовые',NULL,NULL,NULL,NULL,NULL),(1376,18,20,'Дерево.',NULL,NULL,NULL,NULL,NULL),(1377,19,20,'массив',NULL,NULL,NULL,NULL,NULL),(1378,24,20,'Овальные',NULL,NULL,NULL,NULL,NULL),(1379,1,21,NULL,617,NULL,NULL,NULL,NULL),(1380,2,21,NULL,550,NULL,NULL,NULL,NULL),(1381,3,21,NULL,659,NULL,NULL,NULL,NULL),(1382,4,21,NULL,36,NULL,NULL,NULL,NULL),(1383,5,21,'ЛДСП',NULL,NULL,NULL,NULL,NULL),(1384,6,21,'Дерево',NULL,NULL,NULL,NULL,NULL),(1385,7,21,'Скандинавский (IKEA)',NULL,NULL,NULL,NULL,NULL),(1386,8,21,'Нераскладной',NULL,NULL,NULL,NULL,NULL),(1387,9,21,'Средний',NULL,NULL,NULL,NULL,NULL),(1388,11,21,NULL,9,NULL,NULL,NULL,NULL),(1389,12,21,NULL,NULL,NULL,NULL,NULL,NULL),(1390,13,21,'Россия',NULL,NULL,NULL,NULL,NULL),(1391,14,21,'Для кухни',NULL,NULL,NULL,NULL,NULL),(1392,15,21,'Дорогие',NULL,NULL,NULL,NULL,NULL),(1393,18,21,'Матовые',NULL,NULL,NULL,NULL,NULL),(1394,19,21,'Дерево.',NULL,NULL,NULL,NULL,NULL),(1395,24,21,'массив',NULL,NULL,NULL,NULL,NULL),(1396,1,22,NULL,614,NULL,NULL,NULL,NULL),(1397,2,22,NULL,621,NULL,NULL,NULL,NULL),(1398,3,22,NULL,504,NULL,NULL,NULL,NULL),(1399,4,22,NULL,30,NULL,NULL,NULL,NULL),(1400,5,22,'ЛДСП',NULL,NULL,NULL,NULL,NULL),(1401,6,22,'Дерево',NULL,NULL,NULL,NULL,NULL),(1402,7,22,'Скандинавский (IKEA)',NULL,NULL,NULL,NULL,NULL),(1403,8,22,'Нераскладной',NULL,NULL,NULL,NULL,NULL),(1404,9,22,'Средний',NULL,NULL,NULL,NULL,NULL),(1405,11,22,NULL,10,NULL,NULL,NULL,NULL),(1406,12,22,NULL,NULL,NULL,NULL,NULL,NULL),(1407,13,22,'Россия',NULL,NULL,NULL,NULL,NULL),(1408,14,22,'Для кухни',NULL,NULL,NULL,NULL,NULL),(1409,15,22,'Дорогие',NULL,NULL,NULL,NULL,NULL),(1410,18,22,'Матовые',NULL,NULL,NULL,NULL,NULL),(1411,19,22,'Дерево.',NULL,NULL,NULL,NULL,NULL),(1412,24,22,'массив',NULL,NULL,NULL,NULL,NULL),(1413,1,23,NULL,2477,NULL,NULL,NULL,NULL),(1414,2,23,NULL,2872,NULL,NULL,NULL,NULL),(1415,3,23,NULL,674,NULL,NULL,NULL,NULL),(1416,4,23,NULL,101,NULL,NULL,NULL,NULL),(1417,5,23,'ЛДСП',NULL,NULL,NULL,NULL,NULL),(1418,6,23,'Модерн',NULL,NULL,NULL,NULL,NULL),(1419,7,23,NULL,NULL,NULL,NULL,NULL,NULL),(1420,8,23,'Большой',NULL,NULL,NULL,NULL,NULL),(1421,9,23,NULL,9,NULL,NULL,NULL,NULL),(1422,11,23,'',NULL,NULL,NULL,NULL,NULL),(1423,12,23,'Россия',NULL,NULL,NULL,NULL,NULL),(1424,13,23,'Для гостиной',NULL,NULL,NULL,NULL,NULL),(1425,14,23,'Дешевые',NULL,NULL,NULL,NULL,NULL),(1426,15,23,'',NULL,NULL,NULL,NULL,NULL),(1427,24,23,NULL,NULL,NULL,NULL,NULL,NULL),(1428,32,23,'Настенный. Напольный.',NULL,NULL,NULL,NULL,NULL),(1429,1,24,NULL,2913,NULL,NULL,NULL,NULL),(1430,2,24,NULL,2778,NULL,NULL,NULL,NULL),(1431,3,24,NULL,527,NULL,NULL,NULL,NULL),(1432,4,24,NULL,78,NULL,NULL,NULL,NULL),(1433,5,24,'МДФ',NULL,NULL,NULL,NULL,NULL),(1434,5,24,'ЛДСП',NULL,NULL,NULL,NULL,NULL),(1435,6,24,NULL,NULL,NULL,NULL,NULL,NULL),(1436,7,24,NULL,NULL,NULL,NULL,NULL,NULL),(1437,8,24,NULL,NULL,NULL,NULL,NULL,NULL),(1438,9,24,NULL,9,NULL,NULL,NULL,NULL),(1439,11,24,'36 месяцев',NULL,NULL,NULL,NULL,NULL),(1440,12,24,NULL,NULL,NULL,NULL,NULL,NULL),(1441,13,24,'Для гостиной. В спальню.',NULL,NULL,NULL,NULL,NULL),(1442,14,24,'Дорогой',NULL,NULL,NULL,NULL,NULL),(1443,15,24,'',NULL,NULL,NULL,NULL,NULL),(1444,24,24,'',NULL,NULL,NULL,NULL,NULL),(1445,32,24,'Напольный',NULL,NULL,NULL,NULL,NULL),(1446,1,25,NULL,2514,NULL,NULL,NULL,NULL),(1447,2,25,NULL,2079,NULL,NULL,NULL,NULL),(1448,3,25,NULL,658,NULL,NULL,NULL,NULL),(1449,4,25,NULL,106,NULL,NULL,NULL,NULL),(1450,5,25,'ЛДСП',NULL,NULL,NULL,NULL,NULL),(1451,6,25,'Современный',NULL,NULL,NULL,NULL,NULL),(1452,7,25,NULL,NULL,NULL,NULL,NULL,NULL),(1453,8,25,NULL,NULL,NULL,NULL,NULL,NULL),(1454,9,25,NULL,11,NULL,NULL,NULL,NULL),(1455,11,25,NULL,NULL,NULL,NULL,NULL,NULL),(1456,12,25,'Россия',NULL,NULL,NULL,NULL,NULL),(1457,13,25,'',NULL,NULL,NULL,NULL,NULL),(1458,14,25,'Недорогие',NULL,NULL,NULL,NULL,NULL),(1459,15,25,'С полкой',NULL,NULL,NULL,NULL,NULL),(1460,15,25,'С дверцами',NULL,NULL,NULL,NULL,NULL),(1461,24,25,'Прямоугольные',NULL,NULL,NULL,NULL,NULL),(1462,32,25,'Напольная',NULL,NULL,NULL,NULL,NULL),(1463,1,26,NULL,2412,NULL,NULL,NULL,NULL),(1464,2,26,NULL,2002,NULL,NULL,NULL,NULL),(1465,3,26,NULL,624,NULL,NULL,NULL,NULL),(1466,4,26,NULL,77,NULL,NULL,NULL,NULL),(1467,5,26,'ЛДСП',NULL,NULL,NULL,NULL,NULL),(1468,6,26,'Современный, Хай-тек, Скандинавский',NULL,NULL,NULL,NULL,NULL),(1469,7,26,'Прямые',NULL,NULL,NULL,NULL,NULL),(1470,8,26,'Большие, Двухдверные, Стандартные',NULL,NULL,NULL,NULL,NULL),(1471,9,26,NULL,9,NULL,NULL,NULL,NULL),(1472,11,26,'12 месяцев',NULL,NULL,NULL,NULL,NULL),(1473,12,26,'Россия',NULL,NULL,NULL,NULL,NULL),(1474,13,26,'Для гостиной',NULL,NULL,NULL,NULL,NULL),(1475,14,26,'Средний',NULL,NULL,NULL,NULL,NULL),(1476,15,26,'',NULL,NULL,NULL,NULL,NULL),(1477,24,26,'',NULL,NULL,NULL,NULL,NULL),(1478,32,26,'',NULL,NULL,NULL,NULL,NULL),(1479,1,27,NULL,2250,NULL,NULL,NULL,NULL),(1480,2,27,NULL,2351,NULL,NULL,NULL,NULL),(1481,3,27,NULL,663,NULL,NULL,NULL,NULL),(1482,4,27,NULL,56,NULL,NULL,NULL,NULL),(1483,5,27,'ЛДСП',NULL,NULL,NULL,NULL,NULL),(1484,6,27,'Современный, Хай-тек, Скандинавский',NULL,NULL,NULL,NULL,NULL),(1485,7,27,'Прямые',NULL,NULL,NULL,NULL,NULL),(1486,8,27,'Большие, Двухдверные, Стандартные',NULL,NULL,NULL,NULL,NULL),(1487,9,27,NULL,9,NULL,NULL,NULL,NULL),(1488,11,27,'12 месяцев',NULL,NULL,NULL,NULL,NULL),(1489,12,27,'Россия',NULL,NULL,NULL,NULL,NULL),(1490,13,27,'Для гостиной',NULL,NULL,NULL,NULL,NULL),(1491,14,27,'Средний',NULL,NULL,NULL,NULL,NULL),(1492,15,27,'',NULL,NULL,NULL,NULL,NULL),(1493,24,27,'',NULL,NULL,NULL,NULL,NULL),(1494,32,27,'',NULL,NULL,NULL,NULL,NULL),(1495,1,28,NULL,557,NULL,NULL,NULL,NULL),(1496,2,28,NULL,1434,NULL,NULL,NULL,NULL),(1497,3,28,NULL,1913,NULL,NULL,NULL,NULL),(1498,4,28,NULL,88,NULL,NULL,NULL,NULL),(1499,5,28,'ЛДСП EGGER',NULL,NULL,NULL,NULL,NULL),(1500,6,28,'',NULL,NULL,NULL,NULL,NULL),(1501,7,28,'',NULL,NULL,NULL,NULL,NULL),(1502,8,28,'',NULL,NULL,NULL,NULL,NULL),(1503,9,28,NULL,10,NULL,NULL,NULL,NULL),(1504,11,28,'36 месяцев',NULL,NULL,NULL,NULL,NULL),(1505,12,28,'Для спальной',NULL,NULL,NULL,NULL,NULL),(1506,13,28,'',NULL,NULL,NULL,NULL,NULL),(1507,14,28,'Средний',NULL,NULL,NULL,NULL,NULL),(1508,15,28,'',NULL,NULL,NULL,NULL,NULL),(1509,20,28,'ЛДСП',NULL,NULL,NULL,NULL,NULL),(1510,22,28,'ЛДСП',NULL,NULL,NULL,NULL,NULL),(1511,24,28,'',NULL,NULL,NULL,NULL,NULL),(1512,27,28,'',NULL,NULL,NULL,NULL,NULL),(1513,28,28,'',NULL,NULL,NULL,NULL,NULL),(1514,29,28,NULL,NULL,NULL,NULL,NULL,NULL),(1515,35,28,'',NULL,NULL,NULL,NULL,NULL),(1516,36,28,NULL,NULL,NULL,NULL,NULL,NULL),(1517,1,29,NULL,516,NULL,NULL,NULL,NULL),(1518,2,29,NULL,1686,NULL,NULL,NULL,NULL),(1519,3,29,NULL,2165,NULL,NULL,NULL,NULL),(1520,4,29,NULL,61,NULL,NULL,NULL,NULL),(1521,5,29,'ЛДСП',NULL,NULL,NULL,NULL,NULL),(1522,6,29,'Скандинавский',NULL,NULL,NULL,NULL,NULL),(1523,7,29,'',NULL,NULL,NULL,NULL,NULL),(1524,8,29,'Средние',NULL,NULL,NULL,NULL,NULL),(1525,9,29,NULL,11,NULL,NULL,NULL,NULL),(1526,11,29,'12 месяцев',NULL,NULL,NULL,NULL,NULL),(1527,12,29,'Для спальни',NULL,NULL,NULL,NULL,NULL),(1528,13,29,'',NULL,NULL,NULL,NULL,NULL),(1529,14,29,'',NULL,NULL,NULL,NULL,NULL),(1530,15,29,'',NULL,NULL,NULL,NULL,NULL),(1531,20,29,'ЛДСП',NULL,NULL,NULL,NULL,NULL),(1532,22,29,'',NULL,NULL,NULL,NULL,NULL),(1533,24,29,'Клаассчиеская',NULL,NULL,NULL,NULL,NULL),(1534,27,29,'',NULL,NULL,NULL,NULL,NULL),(1535,28,29,'',NULL,NULL,NULL,NULL,NULL),(1536,29,29,NULL,NULL,NULL,NULL,NULL,NULL),(1537,35,29,'Матрас приобретается отдельно',NULL,NULL,NULL,NULL,NULL),(1538,36,29,NULL,NULL,NULL,NULL,NULL,NULL),(1539,1,30,NULL,558,NULL,NULL,NULL,NULL),(1540,2,30,NULL,1760,NULL,NULL,NULL,NULL),(1541,3,30,NULL,2226,NULL,NULL,NULL,NULL),(1542,4,30,NULL,82,NULL,NULL,NULL,NULL),(1543,5,30,'ЛДСП',NULL,NULL,NULL,NULL,NULL),(1544,6,30,'Скандинавский',NULL,NULL,NULL,NULL,NULL),(1545,7,30,'',NULL,NULL,NULL,NULL,NULL),(1546,8,30,'Средние',NULL,NULL,NULL,NULL,NULL),(1547,9,30,NULL,11,NULL,NULL,NULL,NULL),(1548,11,30,'12 месяцев',NULL,NULL,NULL,NULL,NULL),(1549,12,30,'Для спальни',NULL,NULL,NULL,NULL,NULL),(1550,13,30,'',NULL,NULL,NULL,NULL,NULL),(1551,14,30,'',NULL,NULL,NULL,NULL,NULL),(1552,15,30,'',NULL,NULL,NULL,NULL,NULL),(1553,20,30,'ЛДСП',NULL,NULL,NULL,NULL,NULL),(1554,22,30,'',NULL,NULL,NULL,NULL,NULL),(1555,24,30,'Клаассчиеская',NULL,NULL,NULL,NULL,NULL),(1556,27,30,'',NULL,NULL,NULL,NULL,NULL),(1557,28,30,'',NULL,NULL,NULL,NULL,NULL),(1558,29,30,NULL,NULL,NULL,NULL,NULL,NULL),(1559,35,30,'Матрас приобретается отдельно',NULL,NULL,NULL,NULL,NULL),(1560,36,30,NULL,NULL,NULL,NULL,NULL,NULL),(1561,1,31,NULL,572,NULL,NULL,NULL,NULL),(1562,2,31,NULL,2016,NULL,NULL,NULL,NULL),(1563,3,31,NULL,2226,NULL,NULL,NULL,NULL),(1564,4,31,NULL,88,NULL,NULL,NULL,NULL),(1565,5,31,'ЛДСП',NULL,NULL,NULL,NULL,NULL),(1566,6,31,'Скандинавский',NULL,NULL,NULL,NULL,NULL),(1567,7,31,'',NULL,NULL,NULL,NULL,NULL),(1568,8,31,'Средние',NULL,NULL,NULL,NULL,NULL),(1569,9,31,NULL,12,NULL,NULL,NULL,NULL),(1570,11,31,'12 месяцев',NULL,NULL,NULL,NULL,NULL),(1571,12,31,'Для спальни',NULL,NULL,NULL,NULL,NULL),(1572,13,31,'',NULL,NULL,NULL,NULL,NULL),(1573,14,31,'',NULL,NULL,NULL,NULL,NULL),(1574,15,31,'',NULL,NULL,NULL,NULL,NULL),(1575,20,31,'ЛДСП',NULL,NULL,NULL,NULL,NULL),(1576,22,31,'',NULL,NULL,NULL,NULL,NULL),(1577,24,31,'Клаассчиеская',NULL,NULL,NULL,NULL,NULL),(1578,27,31,'',NULL,NULL,NULL,NULL,NULL),(1579,28,31,'',NULL,NULL,NULL,NULL,NULL),(1580,29,31,NULL,NULL,NULL,NULL,NULL,NULL),(1581,35,31,'Матрас приобретается отдельно',NULL,NULL,NULL,NULL,NULL),(1582,36,31,NULL,NULL,NULL,NULL,NULL,NULL),(1583,1,32,NULL,599,NULL,NULL,NULL,NULL),(1584,2,32,NULL,2137,NULL,NULL,NULL,NULL),(1585,3,32,NULL,2167,NULL,NULL,NULL,NULL),(1586,4,32,NULL,82,NULL,NULL,NULL,NULL),(1587,5,32,'ЛДСП',NULL,NULL,NULL,NULL,NULL),(1588,6,32,'Скандинавский',NULL,NULL,NULL,NULL,NULL),(1589,7,32,'',NULL,NULL,NULL,NULL,NULL),(1590,8,32,'Средние',NULL,NULL,NULL,NULL,NULL),(1591,9,32,NULL,8,NULL,NULL,NULL,NULL),(1592,11,32,'12 месяцев',NULL,NULL,NULL,NULL,NULL),(1593,12,32,'Для спальни',NULL,NULL,NULL,NULL,NULL),(1594,13,32,'',NULL,NULL,NULL,NULL,NULL),(1595,14,32,'',NULL,NULL,NULL,NULL,NULL),(1596,15,32,'',NULL,NULL,NULL,NULL,NULL),(1597,20,32,'ЛДСП',NULL,NULL,NULL,NULL,NULL),(1598,22,32,'',NULL,NULL,NULL,NULL,NULL),(1599,24,32,'Классическая',NULL,NULL,NULL,NULL,NULL),(1600,27,32,'',NULL,NULL,NULL,NULL,NULL),(1601,28,32,'',NULL,NULL,NULL,NULL,NULL),(1602,29,32,NULL,NULL,NULL,NULL,NULL,NULL),(1603,35,32,'Матрас приобретается отдельно',NULL,NULL,NULL,NULL,NULL),(1604,36,32,NULL,NULL,NULL,NULL,NULL,NULL),(1605,1,32,NULL,597,NULL,NULL,NULL,NULL),(1606,2,32,NULL,1909,NULL,NULL,NULL,NULL),(1607,3,32,NULL,2092,NULL,NULL,NULL,NULL),(1608,4,32,NULL,75,NULL,NULL,NULL,NULL),(1609,5,32,'ЛДСП',NULL,NULL,NULL,NULL,NULL),(1610,6,32,'Скандинавский',NULL,NULL,NULL,NULL,NULL),(1611,7,32,'',NULL,NULL,NULL,NULL,NULL),(1612,8,32,'Средние',NULL,NULL,NULL,NULL,NULL),(1613,9,32,NULL,10,NULL,NULL,NULL,NULL),(1614,11,32,'12 месяцев',NULL,NULL,NULL,NULL,NULL),(1615,12,32,'Для спальни',NULL,NULL,NULL,NULL,NULL),(1616,13,32,'',NULL,NULL,NULL,NULL,NULL),(1617,14,32,'',NULL,NULL,NULL,NULL,NULL),(1618,15,32,'',NULL,NULL,NULL,NULL,NULL),(1619,20,32,'ЛДСП',NULL,NULL,NULL,NULL,NULL),(1620,22,32,'',NULL,NULL,NULL,NULL,NULL),(1621,24,32,'Классическая',NULL,NULL,NULL,NULL,NULL),(1622,27,32,'',NULL,NULL,NULL,NULL,NULL),(1623,28,32,'',NULL,NULL,NULL,NULL,NULL),(1624,29,32,NULL,NULL,NULL,NULL,NULL,NULL),(1625,35,32,'Матрас приобретается отдельно',NULL,NULL,NULL,NULL,NULL),(1626,36,32,NULL,NULL,NULL,NULL,NULL,NULL),(1627,1,51,NULL,590,NULL,NULL,NULL,NULL),(1628,2,51,NULL,1553,NULL,NULL,NULL,NULL),(1629,3,51,NULL,2187,NULL,NULL,NULL,NULL),(1630,4,51,NULL,90,NULL,NULL,NULL,NULL),(1631,5,51,'ЛДСП',NULL,NULL,NULL,NULL,NULL),(1632,6,51,'Классический',NULL,NULL,NULL,NULL,NULL),(1633,7,51,NULL,NULL,NULL,NULL,NULL,NULL),(1634,8,51,'	Узкие. Высокие',NULL,NULL,NULL,NULL,NULL),(1635,9,51,NULL,13,NULL,NULL,NULL,NULL),(1636,11,51,NULL,NULL,NULL,NULL,NULL,NULL),(1637,12,51,'Россия',NULL,NULL,NULL,NULL,NULL),(1638,13,51,NULL,NULL,NULL,NULL,NULL,NULL),(1639,14,51,'Недорогие',NULL,NULL,NULL,NULL,NULL),(1640,15,51,'С ящиком.',NULL,NULL,NULL,NULL,NULL),(1641,15,51,'С полкой',NULL,NULL,NULL,NULL,NULL),(1642,15,51,'С дверцами',NULL,NULL,NULL,NULL,NULL),(1643,15,51,'С зеркалом',NULL,NULL,NULL,NULL,NULL),(1644,30,51,NULL,NULL,NULL,NULL,NULL,NULL),(1645,31,51,NULL,NULL,NULL,NULL,NULL,NULL),(1646,1,52,NULL,568,NULL,NULL,NULL,NULL),(1647,2,52,NULL,1872,NULL,NULL,NULL,NULL),(1648,3,52,NULL,1958,NULL,NULL,NULL,NULL),(1649,4,52,NULL,93,NULL,NULL,NULL,NULL),(1650,5,52,'ЛДСП',NULL,NULL,NULL,NULL,NULL),(1651,6,52,'Классический',NULL,NULL,NULL,NULL,NULL),(1652,7,52,NULL,NULL,NULL,NULL,NULL,NULL),(1653,8,52,'	Узкие. Высокие',NULL,NULL,NULL,NULL,NULL),(1654,9,52,NULL,13,NULL,NULL,NULL,NULL),(1655,11,52,NULL,NULL,NULL,NULL,NULL,NULL),(1656,12,52,'Россия',NULL,NULL,NULL,NULL,NULL),(1657,13,52,NULL,NULL,NULL,NULL,NULL,NULL),(1658,14,52,'Недорогие',NULL,NULL,NULL,NULL,NULL),(1659,15,52,'С ящиком.',NULL,NULL,NULL,NULL,NULL),(1660,15,52,'С полкой',NULL,NULL,NULL,NULL,NULL),(1661,15,52,'С дверцами',NULL,NULL,NULL,NULL,NULL),(1662,15,52,'С зеркалом',NULL,NULL,NULL,NULL,NULL),(1663,30,52,'Шариковые',NULL,NULL,NULL,NULL,NULL),(1664,31,52,NULL,NULL,NULL,NULL,NULL,NULL),(1665,1,53,NULL,577,NULL,NULL,NULL,NULL),(1666,2,53,NULL,2120,NULL,NULL,NULL,NULL),(1667,3,53,NULL,2000,NULL,NULL,NULL,NULL),(1668,4,53,NULL,81,NULL,NULL,NULL,NULL),(1669,5,53,'ЛДСП',NULL,NULL,NULL,NULL,NULL),(1670,6,53,'Классический',NULL,NULL,NULL,NULL,NULL),(1671,7,53,NULL,NULL,NULL,NULL,NULL,NULL),(1672,8,53,'	Узкие. Высокие',NULL,NULL,NULL,NULL,NULL),(1673,9,53,NULL,16,NULL,NULL,NULL,NULL),(1674,11,53,NULL,NULL,NULL,NULL,NULL,NULL),(1675,12,53,'Россия',NULL,NULL,NULL,NULL,NULL),(1676,13,53,NULL,NULL,NULL,NULL,NULL,NULL),(1677,14,53,'Недорогие',NULL,NULL,NULL,NULL,NULL),(1678,15,53,'С ящиком.',NULL,NULL,NULL,NULL,NULL),(1679,15,53,'С полкой',NULL,NULL,NULL,NULL,NULL),(1680,15,53,'С дверцами',NULL,NULL,NULL,NULL,NULL),(1681,15,53,'С зеркалом',NULL,NULL,NULL,NULL,NULL),(1682,30,53,'Шариковые',NULL,NULL,NULL,NULL,NULL),(1683,31,53,NULL,NULL,NULL,NULL,NULL,NULL),(1684,1,54,NULL,575,NULL,NULL,NULL,NULL),(1685,2,54,NULL,1432,NULL,NULL,NULL,NULL),(1686,3,54,NULL,2096,NULL,NULL,NULL,NULL),(1687,4,54,NULL,61,NULL,NULL,NULL,NULL),(1688,5,54,'ЛДСП',NULL,NULL,NULL,NULL,NULL),(1689,6,54,'Классический',NULL,NULL,NULL,NULL,NULL),(1690,7,54,NULL,NULL,NULL,NULL,NULL,NULL),(1691,8,54,'	Узкие. Высокие',NULL,NULL,NULL,NULL,NULL),(1692,9,54,NULL,13,NULL,NULL,NULL,NULL),(1693,11,54,NULL,NULL,NULL,NULL,NULL,NULL),(1694,12,54,'Россия',NULL,NULL,NULL,NULL,NULL),(1695,13,54,NULL,NULL,NULL,NULL,NULL,NULL),(1696,14,54,'Недорогие',NULL,NULL,NULL,NULL,NULL),(1697,15,54,'С ящиком.',NULL,NULL,NULL,NULL,NULL),(1698,15,54,'С полкой',NULL,NULL,NULL,NULL,NULL),(1699,15,54,'С дверцами',NULL,NULL,NULL,NULL,NULL),(1700,15,54,'С зеркалом',NULL,NULL,NULL,NULL,NULL),(1701,30,54,'Шариковые',NULL,NULL,NULL,NULL,NULL),(1702,31,54,NULL,NULL,NULL,NULL,NULL,NULL),(1703,1,55,NULL,593,NULL,NULL,NULL,NULL),(1704,2,55,NULL,2071,NULL,NULL,NULL,NULL),(1705,3,55,NULL,2100,NULL,NULL,NULL,NULL),(1706,4,55,NULL,97,NULL,NULL,NULL,NULL),(1707,5,55,'ЛДСП',NULL,NULL,NULL,NULL,NULL),(1708,6,55,'Модерн',NULL,NULL,NULL,NULL,NULL),(1709,7,55,NULL,NULL,NULL,NULL,NULL,NULL),(1710,8,55,'	Узкие. Высокие',NULL,NULL,NULL,NULL,NULL),(1711,9,55,NULL,9,NULL,NULL,NULL,NULL),(1712,11,55,NULL,NULL,NULL,NULL,NULL,NULL),(1713,12,55,'Россия',NULL,NULL,NULL,NULL,NULL),(1714,13,55,NULL,NULL,NULL,NULL,NULL,NULL),(1715,14,55,'Недорогие',NULL,NULL,NULL,NULL,NULL),(1716,15,55,'С дверцами',NULL,NULL,NULL,NULL,NULL),(1717,15,55,'С зеркалом',NULL,NULL,NULL,NULL,NULL),(1718,30,55,'Шариковые',NULL,NULL,NULL,NULL,NULL),(1719,31,55,NULL,NULL,NULL,NULL,NULL,NULL),(1720,1,33,NULL,507,NULL,NULL,NULL,NULL),(1721,2,33,NULL,2028,NULL,NULL,NULL,NULL),(1722,3,33,NULL,2238,NULL,NULL,NULL,NULL),(1723,4,33,NULL,92,NULL,NULL,NULL,NULL),(1724,5,33,'Дерево',NULL,NULL,NULL,NULL,NULL),(1725,5,33,'Ткань',NULL,NULL,NULL,NULL,NULL),(1726,6,33,'Современный',NULL,NULL,NULL,NULL,NULL),(1727,7,33,NULL,NULL,NULL,NULL,NULL,NULL),(1728,8,33,'Большие',NULL,NULL,NULL,NULL,NULL),(1729,9,33,NULL,11,NULL,NULL,NULL,NULL),(1730,11,33,'12 мес.',NULL,NULL,NULL,NULL,NULL),(1731,12,33,NULL,NULL,NULL,NULL,NULL,NULL),(1732,13,33,'Для гостиной',NULL,NULL,NULL,NULL,NULL),(1733,14,33,'Недорогие',NULL,NULL,NULL,NULL,NULL),(1734,15,33,'С подлокотниками',NULL,NULL,NULL,NULL,NULL),(1735,15,33,'С подушкой в комплекте',NULL,NULL,NULL,NULL,NULL),(1736,16,33,'Выкатной',NULL,NULL,NULL,NULL,NULL),(1737,17,33,NULL,NULL,NULL,NULL,NULL,NULL),(1738,24,33,'Прямоугольные',NULL,NULL,NULL,NULL,NULL),(1739,26,33,NULL,NULL,NULL,NULL,NULL,NULL),(1740,1,34,NULL,583,NULL,NULL,NULL,NULL),(1741,2,34,NULL,2027,NULL,NULL,NULL,NULL),(1742,3,34,NULL,2123,NULL,NULL,NULL,NULL),(1743,4,34,NULL,75,NULL,NULL,NULL,NULL),(1744,5,34,'Искусственная кожа',NULL,NULL,NULL,NULL,NULL),(1745,5,34,'Ткань',NULL,NULL,NULL,NULL,NULL),(1746,5,34,'ЛДСП',NULL,NULL,NULL,NULL,NULL),(1747,5,34,'Велюр',NULL,NULL,NULL,NULL,NULL),(1748,5,34,'Экокожа',NULL,NULL,NULL,NULL,NULL),(1749,6,34,'Современный',NULL,NULL,NULL,NULL,NULL),(1750,7,34,NULL,NULL,NULL,NULL,NULL,NULL),(1751,8,34,'Большие',NULL,NULL,NULL,NULL,NULL),(1752,9,34,NULL,9,NULL,NULL,NULL,NULL),(1753,11,34,NULL,NULL,NULL,NULL,NULL,NULL),(1754,12,34,'Россия',NULL,NULL,NULL,NULL,NULL),(1755,13,34,'Для гостиной',NULL,NULL,NULL,NULL,NULL),(1756,14,34,'Недорогие',NULL,NULL,NULL,NULL,NULL),(1757,15,34,'С подлокотниками.',NULL,NULL,NULL,NULL,NULL),(1758,15,34,'С деревянными подлокотниками',NULL,NULL,NULL,NULL,NULL),(1759,16,34,'',NULL,NULL,NULL,NULL,NULL),(1760,17,34,NULL,NULL,NULL,NULL,NULL,NULL),(1761,24,34,'',NULL,NULL,NULL,NULL,NULL),(1762,26,34,'	ППУ',NULL,NULL,NULL,NULL,NULL),(1763,1,35,NULL,223,NULL,NULL,NULL,NULL),(1764,2,35,NULL,2061,NULL,NULL,NULL,NULL),(1765,3,35,NULL,1999,NULL,NULL,NULL,NULL),(1766,12,35,'Россия',NULL,NULL,NULL,NULL,NULL),(1767,14,35,'',NULL,NULL,NULL,NULL,NULL),(1768,15,35,'',NULL,NULL,NULL,NULL,NULL),(1769,26,35,'Elafoam',NULL,NULL,NULL,NULL,NULL),(1770,27,35,NULL,NULL,NULL,NULL,NULL,NULL),(1771,33,35,NULL,110,NULL,NULL,NULL,NULL),(1772,38,35,'Средний',NULL,NULL,NULL,NULL,NULL),(1773,39,35,'Независимый пружинный блок TFK',NULL,NULL,NULL,NULL,NULL),(1774,40,35,NULL,256,NULL,NULL,NULL,NULL),(1775,1,36,NULL,226,NULL,NULL,NULL,NULL),(1776,2,36,NULL,1982,NULL,NULL,NULL,NULL),(1777,3,36,NULL,2177,NULL,NULL,NULL,NULL),(1778,12,36,'Россия',NULL,NULL,NULL,NULL,NULL),(1779,14,36,'Средний',NULL,NULL,NULL,NULL,NULL),(1780,15,36,'',NULL,NULL,NULL,NULL,NULL),(1781,26,36,'Кокосовая койра',NULL,NULL,NULL,NULL,NULL),(1782,27,36,NULL,NULL,NULL,NULL,NULL,NULL),(1783,33,36,NULL,120,NULL,NULL,NULL,NULL),(1784,38,36,'Разная жёсткость сторон',NULL,NULL,NULL,NULL,NULL),(1785,39,36,'Независимый пружинный блок TFK',NULL,NULL,NULL,NULL,NULL),(1786,40,36,NULL,256,NULL,NULL,NULL,NULL),(1787,1,37,NULL,185,NULL,NULL,NULL,NULL),(1788,2,37,NULL,2060,NULL,NULL,NULL,NULL),(1789,3,37,NULL,2169,NULL,NULL,NULL,NULL),(1790,12,37,'Россия',NULL,NULL,NULL,NULL,NULL),(1791,14,37,'Дешевые',NULL,NULL,NULL,NULL,NULL),(1792,15,37,'',NULL,NULL,NULL,NULL,NULL),(1793,26,37,'Elafoam',NULL,NULL,NULL,NULL,NULL),(1794,27,37,NULL,NULL,NULL,NULL,NULL,NULL),(1795,33,37,NULL,110,NULL,NULL,NULL,NULL),(1796,38,37,'Средний',NULL,NULL,NULL,NULL,NULL),(1797,39,37,'Пружинный блок Bonnel',NULL,NULL,NULL,NULL,NULL),(1798,40,37,NULL,256,NULL,NULL,NULL,NULL),(1799,1,38,NULL,236,NULL,NULL,NULL,NULL),(1800,2,38,NULL,1404,NULL,NULL,NULL,NULL),(1801,3,38,NULL,1939,NULL,NULL,NULL,NULL),(1802,12,38,'Россия',NULL,NULL,NULL,NULL,NULL),(1803,14,38,'Дешевые',NULL,NULL,NULL,NULL,NULL),(1804,15,38,'',NULL,NULL,NULL,NULL,NULL),(1805,26,38,'Кокосовая койра',NULL,NULL,NULL,NULL,NULL),(1806,27,38,NULL,NULL,NULL,NULL,NULL,NULL),(1807,33,38,NULL,120,NULL,NULL,NULL,NULL),(1808,38,38,'Разная жёсткость сторон',NULL,NULL,NULL,NULL,NULL),(1809,39,38,NULL,NULL,NULL,NULL,NULL,NULL),(1810,40,38,NULL,256,NULL,NULL,NULL,NULL),(1811,1,39,NULL,181,NULL,NULL,NULL,NULL),(1812,2,39,NULL,1662,NULL,NULL,NULL,NULL),(1813,3,39,NULL,2139,NULL,NULL,NULL,NULL),(1814,12,39,'Россия',NULL,NULL,NULL,NULL,NULL),(1815,14,39,'Средний',NULL,NULL,NULL,NULL,NULL),(1816,15,39,'',NULL,NULL,NULL,NULL,NULL),(1817,26,39,'Кокосовая койра',NULL,NULL,NULL,NULL,NULL),(1818,27,39,'1500x2000',NULL,NULL,NULL,NULL,NULL),(1819,33,39,NULL,130,NULL,NULL,NULL,NULL),(1820,38,39,'Разная жёсткость сторон',NULL,NULL,NULL,NULL,NULL),(1821,39,39,'Беспружинный',NULL,NULL,NULL,NULL,NULL),(1822,40,39,NULL,NULL,NULL,NULL,NULL,NULL),(1823,1,40,NULL,616,NULL,NULL,NULL,NULL),(1824,2,40,NULL,514,NULL,NULL,NULL,NULL),(1825,3,40,NULL,520,NULL,NULL,NULL,NULL),(1826,5,40,'Экокожа',NULL,NULL,NULL,NULL,NULL),(1827,6,40,NULL,NULL,NULL,NULL,NULL,NULL),(1828,7,40,NULL,NULL,NULL,NULL,NULL,NULL),(1829,8,40,NULL,NULL,NULL,NULL,NULL,NULL),(1830,9,40,NULL,11,NULL,NULL,NULL,NULL),(1831,11,40,NULL,NULL,NULL,NULL,NULL,NULL),(1832,12,40,'Россия',NULL,NULL,NULL,NULL,NULL),(1833,13,40,NULL,NULL,NULL,NULL,NULL,NULL),(1834,14,40,'Средний',NULL,NULL,NULL,NULL,NULL),(1835,15,40,NULL,NULL,NULL,NULL,NULL,NULL),(1836,24,40,'Квадратные',NULL,NULL,NULL,NULL,NULL),(1837,1,41,NULL,580,NULL,NULL,NULL,NULL),(1838,2,41,NULL,575,NULL,NULL,NULL,NULL),(1839,3,41,NULL,635,NULL,NULL,NULL,NULL),(1840,5,41,'Велюр',NULL,NULL,NULL,NULL,NULL),(1841,6,41,NULL,NULL,NULL,NULL,NULL,NULL),(1842,7,41,NULL,NULL,NULL,NULL,NULL,NULL),(1843,8,41,NULL,NULL,NULL,NULL,NULL,NULL),(1844,9,41,NULL,17,NULL,NULL,NULL,NULL),(1845,11,41,NULL,NULL,NULL,NULL,NULL,NULL),(1846,12,41,'Россия',NULL,NULL,NULL,NULL,NULL),(1847,13,41,NULL,NULL,NULL,NULL,NULL,NULL),(1848,14,41,'Дорогой',NULL,NULL,NULL,NULL,NULL),(1849,15,41,NULL,NULL,NULL,NULL,NULL,NULL),(1850,24,41,NULL,NULL,NULL,NULL,NULL,NULL),(1851,1,43,NULL,539,NULL,NULL,NULL,NULL),(1852,2,43,NULL,547,NULL,NULL,NULL,NULL),(1853,3,43,NULL,622,NULL,NULL,NULL,NULL),(1854,5,43,NULL,NULL,NULL,NULL,NULL,NULL),(1855,6,43,NULL,NULL,NULL,NULL,NULL,NULL),(1856,7,43,NULL,NULL,NULL,NULL,NULL,NULL),(1857,8,43,'Маленькие',NULL,NULL,NULL,NULL,NULL),(1858,9,43,NULL,8,NULL,NULL,NULL,NULL),(1859,11,43,NULL,NULL,NULL,NULL,NULL,NULL),(1860,12,43,'Россия',NULL,NULL,NULL,NULL,NULL),(1861,13,43,'	Для спальни.Для гостиной.Для прихожей',NULL,NULL,NULL,NULL,NULL),(1862,14,43,NULL,NULL,NULL,NULL,NULL,NULL),(1863,15,43,'С ящиком',NULL,NULL,NULL,NULL,NULL),(1864,15,43,'С мягким сиденьем',NULL,NULL,NULL,NULL,NULL),(1865,24,43,'Квадратные',NULL,NULL,NULL,NULL,NULL),(1866,1,42,NULL,518,NULL,NULL,NULL,NULL),(1867,2,42,NULL,542,NULL,NULL,NULL,NULL),(1868,3,42,NULL,503,NULL,NULL,NULL,NULL),(1869,5,42,'Металл',NULL,NULL,NULL,NULL,NULL),(1870,5,42,'Ткань',NULL,NULL,NULL,NULL,NULL),(1871,6,42,NULL,NULL,NULL,NULL,NULL,NULL),(1872,7,42,NULL,NULL,NULL,NULL,NULL,NULL),(1873,8,42,'Маленькие',NULL,NULL,NULL,NULL,NULL),(1874,9,42,NULL,10,NULL,NULL,NULL,NULL),(1875,11,42,NULL,NULL,NULL,NULL,NULL,NULL),(1876,12,42,'Китай',NULL,NULL,NULL,NULL,NULL),(1877,13,42,'Для спальни.Для гостиной.Для прихожей.Для детской.Для мальчика.Для девочки.Для подростка.Для школьника',NULL,NULL,NULL,NULL,NULL),(1878,14,42,'Недорогие',NULL,NULL,NULL,NULL,NULL),(1879,15,42,'С ящиком',NULL,NULL,NULL,NULL,NULL),(1880,15,42,'С мягким сиденьем',NULL,NULL,NULL,NULL,NULL),(1881,24,42,'Круглые',NULL,NULL,NULL,NULL,NULL),(1882,1,44,NULL,532,NULL,NULL,NULL,NULL),(1883,2,44,NULL,548,NULL,NULL,NULL,NULL),(1884,3,44,NULL,641,NULL,NULL,NULL,NULL),(1885,5,44,'Металл',NULL,NULL,NULL,NULL,NULL),(1886,5,44,'Ткань',NULL,NULL,NULL,NULL,NULL),(1887,6,44,'Современный',NULL,NULL,NULL,NULL,NULL),(1888,7,44,NULL,NULL,NULL,NULL,NULL,NULL),(1889,8,44,'Маленькие',NULL,NULL,NULL,NULL,NULL),(1890,9,44,NULL,15,NULL,NULL,NULL,NULL),(1891,11,44,NULL,NULL,NULL,NULL,NULL,NULL),(1892,12,44,'Россия',NULL,NULL,NULL,NULL,NULL),(1893,13,44,'Для спальни.Для прихожей',NULL,NULL,NULL,NULL,NULL),(1894,14,44,'Недорогие',NULL,NULL,NULL,NULL,NULL),(1895,15,44,'С мягким сиденьем',NULL,NULL,NULL,NULL,NULL),(1896,15,44,'На ножках',NULL,NULL,NULL,NULL,NULL),(1897,24,44,'Круглые',NULL,NULL,NULL,NULL,NULL),(1898,1,45,NULL,1090,NULL,NULL,NULL,NULL),(1899,2,45,NULL,1275,NULL,NULL,NULL,NULL),(1900,3,45,NULL,717,NULL,NULL,NULL,NULL),(1901,4,45,NULL,43,NULL,NULL,NULL,NULL),(1902,5,45,'ЛДСП',NULL,NULL,NULL,NULL,NULL),(1903,5,45,'МДФ',NULL,NULL,NULL,NULL,NULL),(1904,6,45,'Современный',NULL,NULL,NULL,NULL,NULL),(1905,7,45,NULL,NULL,NULL,NULL,NULL,NULL),(1906,8,45,'Узкие.Низкие',NULL,NULL,NULL,NULL,NULL),(1907,9,45,NULL,7,NULL,NULL,NULL,NULL),(1908,11,45,NULL,NULL,NULL,NULL,NULL,NULL),(1909,12,45,'Беларусь',NULL,NULL,NULL,NULL,NULL),(1910,13,45,'Для спальни',NULL,NULL,NULL,NULL,NULL),(1911,14,45,'Недорогие',NULL,NULL,NULL,NULL,NULL),(1912,15,45,'С ящиком',NULL,NULL,NULL,NULL,NULL),(1913,1,46,NULL,1013,NULL,NULL,NULL,NULL),(1914,2,46,NULL,1502,NULL,NULL,NULL,NULL),(1915,3,46,NULL,714,NULL,NULL,NULL,NULL),(1916,4,46,NULL,46,NULL,NULL,NULL,NULL),(1917,5,46,'ЛДСП',NULL,NULL,NULL,NULL,NULL),(1918,5,46,'МДФ',NULL,NULL,NULL,NULL,NULL),(1919,6,46,NULL,NULL,NULL,NULL,NULL,NULL),(1920,7,46,NULL,NULL,NULL,NULL,NULL,NULL),(1921,8,46,NULL,NULL,NULL,NULL,NULL,NULL),(1922,9,46,NULL,13,NULL,NULL,NULL,NULL),(1923,11,46,NULL,NULL,NULL,NULL,NULL,NULL),(1924,12,46,'Россия',NULL,NULL,NULL,NULL,NULL),(1925,13,46,'Для спальни',NULL,NULL,NULL,NULL,NULL),(1926,14,46,'Недорогие',NULL,NULL,NULL,NULL,NULL),(1927,15,46,'С ящиком',NULL,NULL,NULL,NULL,NULL),(1928,1,47,NULL,906,NULL,NULL,NULL,NULL),(1929,2,47,NULL,1341,NULL,NULL,NULL,NULL),(1930,3,47,NULL,1037,NULL,NULL,NULL,NULL),(1931,4,47,NULL,35,NULL,NULL,NULL,NULL),(1932,5,47,'ЛДСП',NULL,NULL,NULL,NULL,NULL),(1933,6,47,'Современный',NULL,NULL,NULL,NULL,NULL),(1934,7,47,NULL,NULL,NULL,NULL,NULL,NULL),(1935,8,47,'Узкие.Низкие',NULL,NULL,NULL,NULL,NULL),(1936,9,47,NULL,11,NULL,NULL,NULL,NULL),(1937,11,47,NULL,NULL,NULL,NULL,NULL,NULL),(1938,12,47,'Беларусь',NULL,NULL,NULL,NULL,NULL),(1939,13,47,'Для спальни',NULL,NULL,NULL,NULL,NULL),(1940,14,47,'Недорогие',NULL,NULL,NULL,NULL,NULL),(1941,15,47,'С ящиком',NULL,NULL,NULL,NULL,NULL),(1942,1,48,NULL,801,NULL,NULL,NULL,NULL),(1943,2,48,NULL,953,NULL,NULL,NULL,NULL),(1944,3,48,NULL,781,NULL,NULL,NULL,NULL),(1945,4,48,NULL,43,NULL,NULL,NULL,NULL),(1946,5,48,'ЛДСП',NULL,NULL,NULL,NULL,NULL),(1947,6,48,'Современный',NULL,NULL,NULL,NULL,NULL),(1948,7,48,NULL,NULL,NULL,NULL,NULL,NULL),(1949,8,48,'Высокие',NULL,NULL,NULL,NULL,NULL),(1950,9,48,NULL,13,NULL,NULL,NULL,NULL),(1951,11,48,NULL,NULL,NULL,NULL,NULL,NULL),(1952,12,48,'Россия',NULL,NULL,NULL,NULL,NULL),(1953,13,48,'Офис',NULL,NULL,NULL,NULL,NULL),(1954,14,48,'Недорогие',NULL,NULL,NULL,NULL,NULL),(1955,15,48,'С ящиком',NULL,NULL,NULL,NULL,NULL),(1956,1,49,NULL,903,NULL,NULL,NULL,NULL),(1957,2,49,NULL,1482,NULL,NULL,NULL,NULL),(1958,3,49,NULL,996,NULL,NULL,NULL,NULL),(1959,4,49,NULL,34,NULL,NULL,NULL,NULL),(1960,5,49,'ЛДСП',NULL,NULL,NULL,NULL,NULL),(1961,6,49,'Современный',NULL,NULL,NULL,NULL,NULL),(1962,7,49,NULL,NULL,NULL,NULL,NULL,NULL),(1963,8,49,'Узкие.Низкие',NULL,NULL,NULL,NULL,NULL),(1964,9,49,NULL,12,NULL,NULL,NULL,NULL),(1965,11,49,NULL,NULL,NULL,NULL,NULL,NULL),(1966,12,49,'Беларусь',NULL,NULL,NULL,NULL,NULL),(1967,13,49,NULL,NULL,NULL,NULL,NULL,NULL),(1968,14,49,'Недорогие',NULL,NULL,NULL,NULL,NULL),(1969,15,49,'С ящиком',NULL,NULL,NULL,NULL,NULL),(1970,1,50,NULL,710,NULL,NULL,NULL,NULL),(1971,2,50,NULL,1321,NULL,NULL,NULL,NULL),(1972,3,50,NULL,774,NULL,NULL,NULL,NULL),(1973,4,50,NULL,59,NULL,NULL,NULL,NULL),(1974,5,50,'ЛДСП',NULL,NULL,NULL,NULL,NULL),(1975,6,50,'Современный',NULL,NULL,NULL,NULL,NULL),(1976,7,50,NULL,NULL,NULL,NULL,NULL,NULL),(1977,8,50,'Узкие.Низкие',NULL,NULL,NULL,NULL,NULL),(1978,9,50,NULL,10,NULL,NULL,NULL,NULL),(1979,11,50,NULL,NULL,NULL,NULL,NULL,NULL),(1980,12,50,'Россия',NULL,NULL,NULL,NULL,NULL),(1981,13,50,'Для спальни',NULL,NULL,NULL,NULL,NULL),(1982,14,50,'Недорогие',NULL,NULL,NULL,NULL,NULL),(1983,15,50,'На колесиках',NULL,NULL,NULL,NULL,NULL),(1984,1,58,NULL,3200,NULL,NULL,NULL,NULL),(1985,2,58,NULL,305,NULL,NULL,NULL,NULL),(1986,3,58,NULL,458,NULL,NULL,NULL,NULL),(1987,1,27,NULL,2250,NULL,NULL,NULL,NULL),(1988,2,27,NULL,2351,NULL,NULL,NULL,NULL),(1989,3,27,NULL,663,NULL,NULL,NULL,NULL),(1990,1,27,NULL,2250,NULL,NULL,NULL,NULL),(1991,2,27,NULL,2351,NULL,NULL,NULL,NULL),(1992,3,27,NULL,663,NULL,NULL,NULL,NULL),(1993,1,27,NULL,2250,NULL,NULL,NULL,NULL),(1994,2,27,NULL,2351,NULL,NULL,NULL,NULL),(1995,3,27,NULL,663,NULL,NULL,NULL,NULL),(1996,1,27,NULL,2250,NULL,NULL,NULL,NULL),(1997,2,27,NULL,2351,NULL,NULL,NULL,NULL),(1998,3,27,NULL,663,NULL,NULL,NULL,NULL),(1999,1,27,NULL,2250,NULL,NULL,NULL,NULL),(2000,2,27,NULL,2351,NULL,NULL,NULL,NULL),(2001,3,27,NULL,663,NULL,NULL,NULL,NULL),(2002,1,27,NULL,2250,NULL,NULL,NULL,NULL),(2003,2,27,NULL,2351,NULL,NULL,NULL,NULL),(2004,3,27,NULL,663,NULL,NULL,NULL,NULL),(2005,1,27,NULL,2250,NULL,NULL,NULL,NULL),(2006,2,27,NULL,2351,NULL,NULL,NULL,NULL),(2007,3,27,NULL,663,NULL,NULL,NULL,NULL),(2008,1,27,NULL,2250,NULL,NULL,NULL,NULL),(2009,2,27,NULL,2351,NULL,NULL,NULL,NULL),(2010,3,27,NULL,663,NULL,NULL,NULL,NULL),(2011,1,27,NULL,2250,NULL,NULL,NULL,NULL),(2012,2,27,NULL,2351,NULL,NULL,NULL,NULL),(2013,3,27,NULL,663,NULL,NULL,NULL,NULL);
/*!40000 ALTER TABLE `attributes_values` ENABLE KEYS */;
UNLOCK TABLES;

--
-- Table structure for table `baskets`
--

DROP TABLE IF EXISTS `baskets`;
/*!40101 SET @saved_cs_client     = @@character_set_client */;
/*!50503 SET character_set_client = utf8mb4 */;
CREATE TABLE `baskets` (
  `id` bigint NOT NULL AUTO_INCREMENT,
  `user_id` int NOT NULL,
  `added_date` datetime(6) DEFAULT NULL,
  `sum` int NOT NULL DEFAULT '0',
  PRIMARY KEY (`id`),
  KEY `fk_basket_user_idx` (`user_id`),
  CONSTRAINT `fk_basket_user` FOREIGN KEY (`user_id`) REFERENCES `users` (`id`)
) ENGINE=InnoDB AUTO_INCREMENT=7 DEFAULT CHARSET=utf8mb4 COLLATE=utf8mb4_0900_ai_ci;
/*!40101 SET character_set_client = @saved_cs_client */;

--
-- Dumping data for table `baskets`
--

LOCK TABLES `baskets` WRITE;
/*!40000 ALTER TABLE `baskets` DISABLE KEYS */;
INSERT INTO `baskets` VALUES (1,5,'2024-01-05 12:20:28.000000',120637),(2,5,'2024-01-05 12:20:28.000000',0),(3,3,'2024-01-05 12:20:28.000000',177210),(4,3,'2024-01-05 12:20:28.000000',0),(5,4,'2024-01-05 12:21:00.000000',79000),(6,4,'2024-01-05 12:21:00.000000',0);
/*!40000 ALTER TABLE `baskets` ENABLE KEYS */;
UNLOCK TABLES;

--
-- Table structure for table `baskets_products_variants`
--

DROP TABLE IF EXISTS `baskets_products_variants`;
/*!40101 SET @saved_cs_client     = @@character_set_client */;
/*!50503 SET character_set_client = utf8mb4 */;
CREATE TABLE `baskets_products_variants` (
  `id` int NOT NULL AUTO_INCREMENT,
  `basket_id` bigint NOT NULL,
  `product_variant_id` int NOT NULL,
  `products_count` int DEFAULT NULL,
  PRIMARY KEY (`id`),
  KEY `fk_bpv_baskets_idx` (`basket_id`),
  KEY `fk_bpv_variants_product_idx` (`product_variant_id`),
  CONSTRAINT `fk_bpv_baskets` FOREIGN KEY (`basket_id`) REFERENCES `baskets` (`id`),
  CONSTRAINT `fk_bpv_variants_product` FOREIGN KEY (`product_variant_id`) REFERENCES `variants_product` (`id`)
) ENGINE=InnoDB AUTO_INCREMENT=13 DEFAULT CHARSET=utf8mb4 COLLATE=utf8mb4_0900_ai_ci;
/*!40101 SET character_set_client = @saved_cs_client */;

--
-- Dumping data for table `baskets_products_variants`
--

LOCK TABLES `baskets_products_variants` WRITE;
/*!40000 ALTER TABLE `baskets_products_variants` DISABLE KEYS */;
INSERT INTO `baskets_products_variants` VALUES (1,3,81,2),(2,3,23,1),(3,3,31,1),(4,5,81,1),(5,5,110,1),(6,5,130,1),(8,1,133,1),(10,1,41,1),(12,3,152,2);
/*!40000 ALTER TABLE `baskets_products_variants` ENABLE KEYS */;
UNLOCK TABLES;

--
-- Table structure for table `categories`
--

DROP TABLE IF EXISTS `categories`;
/*!40101 SET @saved_cs_client     = @@character_set_client */;
/*!50503 SET character_set_client = utf8mb4 */;
CREATE TABLE `categories` (
  `id` int NOT NULL AUTO_INCREMENT,
  `category_name` varchar(255) DEFAULT NULL,
  `subcategory_id` int DEFAULT NULL,
  `parent_id` int DEFAULT NULL,
  PRIMARY KEY (`id`),
  KEY `fk_this_categories_idx` (`parent_id`),
  KEY `fk_categories_subcategories_idx` (`subcategory_id`),
  KEY `categories_id__index` (`id`),
  CONSTRAINT `fk_categories_subcategories` FOREIGN KEY (`subcategory_id`) REFERENCES `subcategories` (`id`),
  CONSTRAINT `fk_this_categories` FOREIGN KEY (`parent_id`) REFERENCES `categories` (`id`)
) ENGINE=InnoDB AUTO_INCREMENT=31 DEFAULT CHARSET=utf8mb4 COLLATE=utf8mb4_0900_ai_ci;
/*!40101 SET character_set_client = @saved_cs_client */;

--
-- Dumping data for table `categories`
--

LOCK TABLES `categories` WRITE;
/*!40000 ALTER TABLE `categories` DISABLE KEYS */;
INSERT INTO `categories` VALUES (1,'Кухня',NULL,NULL),(2,'Спальня',NULL,NULL),(3,'Гостиная',NULL,NULL),(4,'Прихожая',NULL,NULL),(5,'Детская',NULL,NULL),(6,'Мягкая мебель',NULL,NULL),(7,'Кухонные гарнитуры',NULL,1),(8,'Обеденные группы',NULL,1),(9,'Столы',NULL,1),(10,NULL,2,2),(11,'Кровати',NULL,2),(12,'Матрасы',NULL,2),(13,NULL,4,2),(14,NULL,3,2),(15,NULL,1,3),(16,'Стулья',NULL,3),(17,'Журнальные столы',NULL,3),(18,NULL,2,3),(19,NULL,5,3),(20,NULL,2,4),(21,'Зеркала',NULL,4),(22,NULL,3,4),(23,'Готовые прихожие',NULL,4),(24,'Детские диваны',NULL,5),(25,'Детские кровати',NULL,5),(26,'Детские матрасы',NULL,5),(27,'Детские тумбы',NULL,5),(28,NULL,1,6),(29,NULL,4,6),(30,'Кресла-кровати',NULL,6);
/*!40000 ALTER TABLE `categories` ENABLE KEYS */;
UNLOCK TABLES;

--
-- Table structure for table `categories_views`
--

DROP TABLE IF EXISTS `categories_views`;
/*!40101 SET @saved_cs_client     = @@character_set_client */;
/*!50503 SET character_set_client = utf8mb4 */;
CREATE TABLE `categories_views` (
  `id` bigint NOT NULL AUTO_INCREMENT,
  `visitor_id` int NOT NULL,
  `category_id` int NOT NULL,
  `count` int NOT NULL,
  PRIMARY KEY (`id`),
  KEY `fk_categories_views_visitors_idx` (`visitor_id`),
  KEY `fk_categories_views_categories_idx` (`category_id`),
  CONSTRAINT `fk_categories_views_categories` FOREIGN KEY (`category_id`) REFERENCES `categories` (`id`),
  CONSTRAINT `fk_categories_views_visitors` FOREIGN KEY (`visitor_id`) REFERENCES `visitors` (`id`)
) ENGINE=InnoDB AUTO_INCREMENT=5 DEFAULT CHARSET=utf8mb4 COLLATE=utf8mb4_0900_ai_ci;
/*!40101 SET character_set_client = @saved_cs_client */;

--
-- Dumping data for table `categories_views`
--

LOCK TABLES `categories_views` WRITE;
/*!40000 ALTER TABLE `categories_views` DISABLE KEYS */;
INSERT INTO `categories_views` VALUES (1,9,8,9),(2,9,9,2),(3,9,11,2),(4,9,10,6);
/*!40000 ALTER TABLE `categories_views` ENABLE KEYS */;
UNLOCK TABLES;

--
-- Table structure for table `customers`
--

DROP TABLE IF EXISTS `customers`;
/*!40101 SET @saved_cs_client     = @@character_set_client */;
/*!50503 SET character_set_client = utf8mb4 */;
CREATE TABLE `customers` (
  `id` int NOT NULL AUTO_INCREMENT,
  `surname` varchar(255) DEFAULT NULL,
  `name` varchar(255) DEFAULT NULL,
  `patronymic` varchar(255) DEFAULT NULL,
  `phone_number` decimal(17,0) NOT NULL,
  `email` varchar(255) DEFAULT NULL,
  `confirmed_email` bit(1) DEFAULT b'0',
  PRIMARY KEY (`id`)
) ENGINE=InnoDB AUTO_INCREMENT=13 DEFAULT CHARSET=utf8mb4 COLLATE=utf8mb4_0900_ai_ci;
/*!40101 SET character_set_client = @saved_cs_client */;

--
-- Dumping data for table `customers`
--

LOCK TABLES `customers` WRITE;
/*!40000 ALTER TABLE `customers` DISABLE KEYS */;
INSERT INTO `customers` VALUES (1,'Инна','Лосева','Степановна',79490000011580,'user1@gmail.com',_binary '\0'),(2,'Анна','Михайлович','Валентиновна',79490000019017,'user2@gmail.com',_binary '\0'),(3,'Марина','Пелых','Ульяновна',79490000010343,'user3@gmail.com',_binary '\0'),(4,'Владислав','Пономаренко','Дмитриевич',79490000019668,'user4@gmail.com',_binary '\0'),(5,'Любовь','Хавалджи','Амировна',79490000017308,'user5@gmail.com',_binary '\0'),(6,'Ирина','Пархоменко','Владимировна',79490000007535,'user6@gmail.com',_binary '\0'),(7,'Алина','Демидова','Александровна',79490000010753,'user7@gmail.com',_binary '\0'),(8,'Тамара','Лапотникова','Оскаровна',79490000011160,'user8@gmail.com',_binary '\0'),(9,'Олег','Чмыхало','Тарасович',79490000018539,'user9@gmail.com',_binary '\0'),(10,'Степан','Князьков','Сидорович',79490000009215,'user10@gmail.com',_binary '\0'),(11,'Наталья','Игнатенко','Павловна',79490000015461,'user11@gmail.com',_binary '\0'),(12,'Иванов','Михаил','Иванович',7949567890,'mikhail@gmail.com',_binary '\0');
/*!40000 ALTER TABLE `customers` ENABLE KEYS */;
UNLOCK TABLES;

--
-- Table structure for table `daily_visits`
--

DROP TABLE IF EXISTS `daily_visits`;
/*!40101 SET @saved_cs_client     = @@character_set_client */;
/*!50503 SET character_set_client = utf8mb4 */;
CREATE TABLE `daily_visits` (
  `id` bigint NOT NULL AUTO_INCREMENT,
  `date` date NOT NULL,
  `count` int DEFAULT '0',
  PRIMARY KEY (`id`),
  UNIQUE KEY `date_UNIQUE` (`date`)
) ENGINE=InnoDB DEFAULT CHARSET=utf8mb4 COLLATE=utf8mb4_0900_ai_ci;
/*!40101 SET character_set_client = @saved_cs_client */;

--
-- Dumping data for table `daily_visits`
--

LOCK TABLES `daily_visits` WRITE;
/*!40000 ALTER TABLE `daily_visits` DISABLE KEYS */;
/*!40000 ALTER TABLE `daily_visits` ENABLE KEYS */;
UNLOCK TABLES;

--
-- Table structure for table `order_states`
--

DROP TABLE IF EXISTS `order_states`;
/*!40101 SET @saved_cs_client     = @@character_set_client */;
/*!50503 SET character_set_client = utf8mb4 */;
CREATE TABLE `order_states` (
  `id` int NOT NULL AUTO_INCREMENT,
  `order_state` varchar(255) DEFAULT NULL,
  PRIMARY KEY (`id`)
) ENGINE=InnoDB AUTO_INCREMENT=6 DEFAULT CHARSET=utf8mb4 COLLATE=utf8mb4_0900_ai_ci;
/*!40101 SET character_set_client = @saved_cs_client */;

--
-- Dumping data for table `order_states`
--

LOCK TABLES `order_states` WRITE;
/*!40000 ALTER TABLE `order_states` DISABLE KEYS */;
INSERT INTO `order_states` VALUES (1,'В ожидании платежа'),(2,'Связались с клиентом'),(3,'Отправлен'),(4,'Отменён'),(5,'Выполнен');
/*!40000 ALTER TABLE `order_states` ENABLE KEYS */;
UNLOCK TABLES;

--
-- Table structure for table `orders`
--

DROP TABLE IF EXISTS `orders`;
/*!40101 SET @saved_cs_client     = @@character_set_client */;
/*!50503 SET character_set_client = utf8mb4 */;
CREATE TABLE `orders` (
  `id` bigint NOT NULL AUTO_INCREMENT,
  `order_state_id` int NOT NULL,
  `customer_id` int NOT NULL,
  `code` bigint NOT NULL COMMENT 'Номер заказа для получения пользователю информации о нём',
  `order_date` datetime(6) DEFAULT NULL,
  `sum` int DEFAULT '0' COMMENT 'Итоговая сумма заказа',
  PRIMARY KEY (`id`),
  UNIQUE KEY `code_UNIQUE` (`code`),
  KEY `fk_orders_order_states_idx` (`order_state_id`),
  KEY `fk_orders_customers_idx` (`customer_id`),
  CONSTRAINT `fk_orders_customers` FOREIGN KEY (`customer_id`) REFERENCES `customers` (`id`),
  CONSTRAINT `fk_orders_order_states` FOREIGN KEY (`order_state_id`) REFERENCES `order_states` (`id`)
) ENGINE=InnoDB AUTO_INCREMENT=19 DEFAULT CHARSET=utf8mb4 COLLATE=utf8mb4_0900_ai_ci;
/*!40101 SET character_set_client = @saved_cs_client */;

--
-- Dumping data for table `orders`
--

LOCK TABLES `orders` WRITE;
/*!40000 ALTER TABLE `orders` DISABLE KEYS */;
INSERT INTO `orders` VALUES (1,1,1,8848609554,'2023-12-28 16:39:35.000000',280902),(2,1,2,4237291951,'2023-12-28 16:39:35.000000',0),(3,1,3,4620631402,'2023-12-28 16:39:35.000000',112874),(4,3,4,391281462,'2023-12-28 16:39:35.000000',0),(5,3,5,8064513413,'2023-12-28 16:39:35.000000',0),(6,2,5,9168722983,'2023-12-28 16:39:35.000000',0),(7,5,5,1660074985,'2023-12-28 16:39:35.000000',0),(8,5,6,764206280,'2023-12-28 16:39:35.000000',0),(9,4,6,8820806756,'2023-12-28 16:39:35.000000',0),(10,1,7,1841415246,'2023-12-28 16:39:35.000000',129206),(11,1,8,2714656267,'2023-12-28 16:39:35.000000',0),(12,4,9,8039035904,'2023-12-28 16:39:35.000000',0),(13,1,10,2071211027,'2023-12-28 16:39:35.000000',179149),(14,2,11,6208947731,'2023-12-28 16:39:35.000000',0),(15,1,12,1267166,'2023-12-31 18:42:37.000000',201390),(16,1,12,1223517,'2023-12-31 19:14:56.000000',26957),(17,1,12,1223097,'2023-12-31 19:16:30.000000',70374),(18,1,12,1223432,'2023-12-31 19:17:39.000000',35000);
/*!40000 ALTER TABLE `orders` ENABLE KEYS */;
UNLOCK TABLES;

--
-- Table structure for table `orders_products_variants`
--

DROP TABLE IF EXISTS `orders_products_variants`;
/*!40101 SET @saved_cs_client     = @@character_set_client */;
/*!50503 SET character_set_client = utf8mb4 */;
CREATE TABLE `orders_products_variants` (
  `id` bigint NOT NULL AUTO_INCREMENT,
  `product_variant_id` int NOT NULL,
  `order_id` bigint NOT NULL,
  `products_count` int DEFAULT '1',
  PRIMARY KEY (`id`),
  KEY `fk_product_variants_idx` (`product_variant_id`),
  KEY `fk_orders_idx` (`order_id`),
  CONSTRAINT `fk_orders` FOREIGN KEY (`order_id`) REFERENCES `orders` (`id`),
  CONSTRAINT `fk_product_variants` FOREIGN KEY (`product_variant_id`) REFERENCES `variants_product` (`id`)
) ENGINE=InnoDB AUTO_INCREMENT=54 DEFAULT CHARSET=utf8mb4 COLLATE=utf8mb4_0900_ai_ci;
/*!40101 SET character_set_client = @saved_cs_client */;

--
-- Dumping data for table `orders_products_variants`
--

LOCK TABLES `orders_products_variants` WRITE;
/*!40000 ALTER TABLE `orders_products_variants` DISABLE KEYS */;
INSERT INTO `orders_products_variants` VALUES (1,104,1,1),(2,50,1,1),(3,122,1,1),(5,67,2,1),(6,72,2,1),(7,160,2,1),(8,20,2,1),(9,180,3,1),(10,90,3,1),(11,99,3,1),(12,36,3,1),(13,69,4,1),(14,51,4,1),(15,45,4,1),(16,70,5,1),(17,28,5,1),(18,114,5,1),(19,114,6,1),(20,38,6,1),(21,34,7,1),(22,57,7,1),(23,182,7,1),(24,178,8,1),(25,155,8,3),(26,51,8,2),(27,165,9,1),(28,110,9,1),(29,54,9,1),(30,127,10,1),(31,96,10,1),(32,99,10,1),(33,20,11,1),(34,176,11,2),(35,72,11,2),(36,15,12,1),(37,46,12,1),(38,182,12,1),(39,25,13,1),(40,139,13,4),(41,60,13,1),(42,66,14,2),(43,150,14,1),(44,178,14,1),(45,1,15,2),(46,2,15,3),(47,45,16,1),(48,23,16,1),(49,25,17,2),(50,81,18,1),(51,81,1,2),(53,23,1,2);
/*!40000 ALTER TABLE `orders_products_variants` ENABLE KEYS */;
UNLOCK TABLES;

--
-- Table structure for table `producers`
--

DROP TABLE IF EXISTS `producers`;
/*!40101 SET @saved_cs_client     = @@character_set_client */;
/*!50503 SET character_set_client = utf8mb4 */;
CREATE TABLE `producers` (
  `id` int NOT NULL AUTO_INCREMENT,
  `producer_name` varchar(255) DEFAULT NULL,
  `deleted_at` date DEFAULT NULL COMMENT 'Поле для осуществления мягкого удаления',
  `is_shown` bit(1) NOT NULL DEFAULT b'1' COMMENT 'Выводятся ли товары и сам производитель в результатх выборок',
  `producer_img` varchar(255) CHARACTER SET utf8mb3 COLLATE utf8mb3_general_ci DEFAULT NULL,
  PRIMARY KEY (`id`),
  KEY `producers_id_index` (`id`),
  FULLTEXT KEY `full_text_name_idx` (`producer_name`)
) ENGINE=InnoDB AUTO_INCREMENT=11 DEFAULT CHARSET=utf8mb4 COLLATE=utf8mb4_0900_ai_ci;
/*!40101 SET character_set_client = @saved_cs_client */;

--
-- Dumping data for table `producers`
--

LOCK TABLES `producers` WRITE;
/*!40000 ALTER TABLE `producers` DISABLE KEYS */;
INSERT INTO `producers` VALUES (1,'BTS',NULL,_binary '','file:///D:/Graduation%20project/back-end/uploads/utils/producers_logos/producer-1-BT.jpg'),(2,'CВ-мебель',NULL,_binary '',NULL),(3,'Империал',NULL,_binary '',NULL),(4,'Олмеко',NULL,_binary '',NULL),(5,'Горизонт',NULL,_binary '',NULL),(6,'Интерьер',NULL,_binary '',NULL),(7,'М-стиль',NULL,_binary '',NULL),(8,'Престиж',NULL,_binary '',NULL),(9,'Sheffilton',NULL,_binary '',NULL),(10,'ВВР',NULL,_binary '',NULL);
/*!40000 ALTER TABLE `producers` ENABLE KEYS */;
UNLOCK TABLES;

--
-- Table structure for table `products`
--

DROP TABLE IF EXISTS `products`;
/*!40101 SET @saved_cs_client     = @@character_set_client */;
/*!50503 SET character_set_client = utf8mb4 */;
CREATE TABLE `products` (
  `id` int NOT NULL AUTO_INCREMENT,
  `product_name` varchar(255) DEFAULT NULL,
  `description` varchar(2000) DEFAULT NULL,
  `category_id` int NOT NULL,
  `producer_id` int NOT NULL,
  `is_available` bit(1) DEFAULT NULL,
  `show_product` bit(1) DEFAULT NULL,
  `is_deleted` bit(1) DEFAULT b'0',
  `mark` float DEFAULT NULL,
  PRIMARY KEY (`id`),
  KEY `fk_products_categories_idx` (`category_id`),
  KEY `fk_products_producers_idx` (`producer_id`),
  FULLTEXT KEY `full_text_search_idx` (`product_name`,`description`),
  CONSTRAINT `fk_products_categories` FOREIGN KEY (`category_id`) REFERENCES `categories` (`id`),
  CONSTRAINT `fk_products_producers` FOREIGN KEY (`producer_id`) REFERENCES `producers` (`id`)
) ENGINE=InnoDB AUTO_INCREMENT=60 DEFAULT CHARSET=utf8mb4 COLLATE=utf8mb4_0900_ai_ci;
/*!40101 SET character_set_client = @saved_cs_client */;

--
-- Dumping data for table `products`
--

LOCK TABLES `products` WRITE;
/*!40000 ALTER TABLE `products` DISABLE KEYS */;
INSERT INTO `products` VALUES (1,'Диван Гранд велюр','Прямой стильный диван Гранд – прекрасный выбор для вашей гостиной!',15,1,_binary '',_binary '',_binary '\0',NULL),(2,'Диван «Токио 2»','Узкие прямые бока и динамичные очертания этого дивана идеально подойдут\r\n        к молодёжному интерьеру гостиной.',15,2,_binary '',_binary '',_binary '\0',NULL),(3,'Диван «Остин»','Диван «Остин» оснащён механизмом «Тик так».',15,2,_binary '',_binary '',_binary '\0',NULL),(4,'Диван «Камелот 2»','Удобный и эргономичный диван «Камелот 2» оснащён механизмом «Еврокнижка»',28,2,_binary '',_binary '',_binary '\0',NULL),(5,'Соната диван-кровать','Диван в классическом стиле',28,3,_binary '',_binary '',_binary '\0',NULL),(6,'Кухня 2,0м BTS Люкс модульная','Корпус: ЛДСП. Фасад: МДФ',7,1,_binary '',_binary '',_binary '\0',NULL),(7,'Кухонный гарнитур Сокол ПН-04 ','Маленький прямой кухонный гарнитур имеет в своем составе необходимые модули',7,1,_binary '\0',_binary '',_binary '\0',NULL),(8,'Кухня 2,0м BTS Тифани','Кухня “Тиффани” – воплощение элегантной грации.',7,1,_binary '',_binary '',_binary '\0',NULL),(9,'Кухня 2,0м BTS Скарлетт','Кухня “Скарлетт” – вкусный коктейль бодрящей зелени!',7,1,_binary '',_binary '',_binary '\0',NULL),(10,'Кухня BTS Персик 1,8м','Атмосфера южного тепла проникает на кухню вместе с готовым решением «Персик»',7,1,_binary '',_binary '',_binary '\0',NULL),(11,'Обеденная группа Sheffilton SHT-DS233','Для совместных трапез – готовый обеденный комплект с удобными стульями.',8,9,_binary '',_binary '',_binary '\0',NULL),(12,'Стол со стульями Sheffilton SHT-DS81','Можно выбрать другие цвета стульев и стола.',8,9,_binary '',_binary '',_binary '\0',NULL),(13,'Обеденная группа Sheffilton SHT-DS236','Для совместных трапез – готовый обеденный комплект с удобными стульями.',8,9,_binary '',_binary '',_binary '\0',NULL),(14,'Набор мебели для кухни Leset Говард 1Р+Чейз','Для совместных трапез – готовый обеденный комплект с удобными стульями.',8,1,_binary '',_binary '',_binary '\0',NULL),(15,'Комплект изделий Шведский Стандарт','Для совместных трапез – готовый обеденный комплект с удобными стульями.',8,1,_binary '',_binary '',_binary '\0',NULL),(16,'Стол RB Круглый','Обеденный стол на фигурной ноге.',9,1,_binary '',_binary '',_binary '\0',NULL),(17,'Стол обеденный RB Орфей-1','Раздвижной стол на двух ногах.',9,1,_binary '',_binary '',_binary '\0',NULL),(18,'Стол Катрин Ломберный раскладной','Стол Ломберный раскладной 600х600',9,1,_binary '\0',_binary '',_binary '\0',NULL),(19,'Стол Столлайн Анри','Обеденный стол',9,6,_binary '',_binary '',_binary '\0',NULL),(20,'Стол обеденный «Брик» Чёрный','комплектуется каркасом из металлических труб с толщиной стенок 2,5 мм',9,2,_binary '\0',_binary '',_binary '\0',NULL),(21,'Стол обеденный «СО 3» Белый','раздвижной стол, который имеет компактные размеры в сложенном виде',9,2,_binary '\0',_binary '',_binary '\0',NULL),(22,'Стол обеденный «Ультра»','Комплектуется каркасом из металлических труб покрытых чёрной порошковой краской',9,2,_binary '\0',_binary '',_binary '\0',NULL),(23,'Модульная гостиная «Токио»','Модульная гостиная «Токио» состоит из стильных и функциональных модулей',18,10,_binary '',_binary '',_binary '\0',NULL),(24,'Шкаф четырёхстворчатый «Милан» Белый','Долговечный диван',18,1,_binary '',_binary '',_binary '\0',NULL),(25,'Гостиная «МГС 5»','Гостиная «МГС 5» представлена в оттенке светлого цемента с белыми ',18,1,_binary '',_binary '',_binary '\0',NULL),(26,'Шкаф-купе корпус 1,5м \"Лотос/Орфей\"','Шкаф многофункциональный распашной со створками с зеркалом',10,1,_binary '',_binary '',_binary '\0',NULL),(27,'Шкаф-купе Лотос-1 1,7м','Лотос -1 - классический вариант шкафа - купе, который подойдет для гостиной. 15.01.24',10,1,_binary '',_binary '',_binary '\0',NULL),(28,'Диван-кровать №1 Дуб Ясень Анкор','Кровать комплектуется двумя выдвижными ящиками',11,2,_binary '',_binary '',_binary '\0',NULL),(29,'ДМ-09 Кровать «Вега» 0,8 м','Кровать комплектуется основанием под матрас из ЛДСП.',11,2,_binary '',_binary '',_binary '\0',NULL),(30,'Кровать двуспальная 1,6 м «Токио»','Класс эмиссии ЛДСП Е1.Материал ЛДСП',11,2,_binary '',_binary '',_binary '\0',NULL),(31,'Кровать-диван с ящиками 0.9*2м «Грей» с фотопечатью','Кровать комплектуется двумя выдвижными ящиками',11,2,_binary '',_binary '',_binary '\0',NULL),(32,'Кровать 1.8 м КР-101 «Александрия»','Срок службы 15 лет. Цвет. Сосна Санторини светлый',11,2,_binary '',_binary '',_binary '\0',NULL),(33,'Кресло-кровать Salotti Альфа','Отличная воздухопроницаемость сохраняет высокие характеристики изделия',30,6,_binary '',_binary '',_binary '\0',NULL),(34,'Кресло-кровать Лига Диванов Сенатор 60','Гипоаллергенность и экологичность Комбинация таких слоев для дивана отличается гипоаллергенностью',30,6,_binary '',_binary '',_binary '\0',NULL),(35,'Матрас Comforto',' средней жесткости на основе пружинного блока TFK',12,2,_binary '',_binary '',_binary '\0',NULL),(36,'Матрас Comfo холло микс','жёсткий матрас с разной комплектацией сторон на основе блока независимых пружин TFK',12,2,_binary '',_binary '',_binary '\0',NULL),(37,'Матрас Norma',' классический двухсторонний матрас средней жёсткости на основе пружинного блока Bonnel',12,2,_binary '',_binary '',_binary '\0',NULL),(38,'Матрас Comfo сезон','средней жёсткости с разной комплектацией сторон на основе блока независимых пружин TFK',12,2,_binary '',_binary '',_binary '\0',NULL),(39,'Матрас Extra микс','матрас с разной жёсткостью сторон на основе чередующихся слоев пены Elafoam',12,2,_binary '',_binary '',_binary '\0',NULL),(40,'Пуф «Квадратик» Венге','идеально впишется в интерьер любой комнаты',29,2,_binary '',_binary '',_binary '\0',NULL),(41,'Пуф «Груша»','Можно использовать как снаружи, так и внутри помещений',29,2,_binary '',_binary '',_binary '\0',NULL),(42,'Пуф STOOL GROUP Шарлотта с ящиком','аконичная модель пуфа в обивке из мягкого велюра',29,2,_binary '',_binary '',_binary '\0',NULL),(43,'Пуфик Betel КЛАССИК','зготовлен из такого высококачественного материала как Искусственная кожа',13,5,_binary '',_binary '',_binary '\0',NULL),(44,'Пуф Столлайн ШАРЛЬ круглый','Нагрузка – 120 кг',13,5,_binary '',_binary '',_binary '\0',NULL),(45,'Прикроватная тумба Наоми МН-021-02 Дуб Ниагара (Р)','У тумбы имеется 2 ящика',14,4,_binary '',_binary '',_binary '\0',NULL),(46,'Тумба прикроватная Слайн-К Арго','удобная и красивая модель, которая оборудована тремя вместительными ящиками',14,4,_binary '',_binary '',_binary '\0',NULL),(47,'Тумба Шведский Стандарт Мальта','Универсальная тумба',14,4,_binary '',_binary '',_binary '\0',NULL),(48,'Тумба выкатная с 4-мя ящиками МДК ТБ4','Тумба имеет колёсики',22,2,_binary '',_binary '',_binary '\0',NULL),(49,'Тумба Шведский Стандарт Кастор (4 ящика)',NULL,22,2,_binary '',_binary '',_binary '\0',NULL),(50,'Тумба BTS Тео','Идеальное решение для каждого',22,1,_binary '',_binary '',_binary '\0',NULL),(51,'Прихожая Ксения-2','Вместительная и лаконичная модель',23,1,_binary '',_binary '',_binary '\0',NULL),(52,'Прихожая Лига','Идеальный выбор для небольшого пространства',23,1,_binary '',_binary '',_binary '\0',NULL),(53,'Прихожая Лира NEW','Это не только практичное, но и красивое решение вопроса хранения вещей',23,1,_binary '',_binary '',_binary '\0',NULL),(54,'Прихожая Трамп','Идеальный выбор для современного интерьера',23,1,_binary '\0',_binary '',_binary '\0',NULL),(55,'Прихожая Сити лоредо','Очень компактная модель прихожей',23,1,_binary '',_binary '',_binary '\0',NULL),(56,' Кухня скарлет. BTS','Готовый комплект Ультра – трендовое решение для кухни в скандинавском стиле. Простота форм и чистый светлый декор с древесными нотками и матовым стеклом – главные отличия сканди-направления, благодаря которым мебель в данном стиле пользуется популярностью у покупателей',7,8,_binary '',_binary '',_binary '\0',NULL),(57,' Кухня скарлет. BTS','Готовый комплект Ультра – трендовое решение для кухни в скандинавском стиле. Простота форм и чистый светлый декор с древесными нотками и матовым стеклом – главные отличия сканди-направления, благодаря которым мебель в данном стиле пользуется популярностью у покупателей',7,8,_binary '',_binary '',_binary '\0',NULL),(58,'Шкаф Е1 Эста Трио','Весьма крутой и популярный шкаф. Изменён 22.12.2023',10,1,_binary '',_binary '',_binary '\0',NULL),(59,'Шкаф C2 БЕТА Трио','Весьма крутой и популярный шкаф',10,5,_binary '',_binary '',_binary '\0',NULL);
/*!40000 ALTER TABLE `products` ENABLE KEYS */;
UNLOCK TABLES;

--
-- Table structure for table `products_attributes`
--

DROP TABLE IF EXISTS `products_attributes`;
/*!40101 SET @saved_cs_client     = @@character_set_client */;
/*!50503 SET character_set_client = utf8mb4 */;
CREATE TABLE `products_attributes` (
  `id` int NOT NULL AUTO_INCREMENT,
  `attr_name` varchar(255) DEFAULT NULL,
  PRIMARY KEY (`id`),
  UNIQUE KEY `attribute_name_unique` (`attr_name`)
) ENGINE=InnoDB AUTO_INCREMENT=41 DEFAULT CHARSET=utf8mb4 COLLATE=utf8mb4_0900_ai_ci;
/*!40101 SET character_set_client = @saved_cs_client */;

--
-- Dumping data for table `products_attributes`
--

LOCK TABLES `products_attributes` WRITE;
/*!40000 ALTER TABLE `products_attributes` DISABLE KEYS */;
INSERT INTO `products_attributes` VALUES (4,'Вес'),(1,'Высота'),(29,'Высота изголовья'),(36,'Высота изножья'),(34,'Высота сидения'),(11,'Гарантия'),(3,'Глубина'),(38,'Жесткость'),(25,'Количество персон'),(40,'Количество пружин на м²'),(17,'Материал каркаса'),(20,'Материал корпуса'),(28,'Материал обивки'),(19,'Материал основания'),(22,'Материал основания под матрас'),(31,'Материал ручек'),(18,'Материал столешницы'),(21,'Материал фасада'),(5,'Материалы'),(16,'Механизм трансформации'),(33,'Нагрузка'),(13,'Назначение'),(35,'Наличие матраса'),(26,'Наполнение'),(15,'Особенности'),(27,'Размер спального места'),(8,'Размерность'),(9,'Срок службы'),(6,'Стиль'),(12,'Страна-производитель'),(7,'Тип'),(30,'Тип направляющих'),(39,'Тип пружинного блока'),(37,'Тип ткани'),(32,'Тип установки'),(24,'Форма'),(10,'Цвет'),(14,'Ценовой диапазон'),(2,'Ширина'),(23,'Ширина в разложенном состоянии (мм.)');
/*!40000 ALTER TABLE `products_attributes` ENABLE KEYS */;
UNLOCK TABLES;

--
-- Table structure for table `products_images`
--

DROP TABLE IF EXISTS `products_images`;
/*!40101 SET @saved_cs_client     = @@character_set_client */;
/*!50503 SET character_set_client = utf8mb4 */;
CREATE TABLE `products_images` (
  `id` bigint NOT NULL AUTO_INCREMENT,
  `product_variant_id` int NOT NULL,
  `img_link` varchar(255) NOT NULL,
  `img_order` int NOT NULL,
  PRIMARY KEY (`id`),
  KEY `fk_products_images_products_idx` (`id`,`product_variant_id`),
  KEY `fk_products_images_product_variants_idx` (`product_variant_id`),
  CONSTRAINT `fk_products_images_product_variants` FOREIGN KEY (`product_variant_id`) REFERENCES `variants_product` (`id`)
) ENGINE=InnoDB AUTO_INCREMENT=72 DEFAULT CHARSET=utf8mb4 COLLATE=utf8mb4_0900_ai_ci;
/*!40101 SET character_set_client = @saved_cs_client */;

--
-- Dumping data for table `products_images`
--

LOCK TABLES `products_images` WRITE;
/*!40000 ALTER TABLE `products_images` DISABLE KEYS */;
INSERT INTO `products_images` VALUES (1,1,'https://cdn.mebelstol.ru/upload/files/d/divan_mebel_ars_grand_veljur_20.jpg',1),(2,1,'https://cdn.mebelstol.ru/upload/files/1/13_764.jpg',2),(3,1,'https://mebelstol.ru/upload/files/1/10_1097.jpg',3),(4,2,'https://mebelstol.ru/upload/files/d/divan_mebel_ars_grand_veljur_6_1.jpg',1),(5,2,'https://mebelstol.ru/upload/files/1/1_5468.jpg',2),(6,2,'https://mebelstol.ru/upload/files/4/4_859.jpg',3),(7,3,'https://mebelstol.ru/upload/files/d/divan_mebel_ars_grand_veljur_18_1.jpg',1),(8,4,'https://svmebel.online/wp-content/uploads/2022/08/divan-tokio-2-pryamoj-seryj-akkordeon-vysokoelastichnyj-ppu-2.jpg',1),(9,4,'https://svmebel.online/wp-content/uploads/2022/08/divan-tokio-2-pryamoj-seryj-akkordeon-vysokoelastichnyj-ppu-1.jpg',2),(10,5,'https://svmebel.online/wp-content/uploads/2022/08/divan-ostin-uglovoj-bezhevyj-pantograf-pruzhinnyj-blok-bonnel-1.jpg',1),(11,5,'https://svmebel.online/wp-content/uploads/2022/08/divan-ostin-uglovoj-bezhevyj-pantograf-pruzhinnyj-blok-bonnel-2.jpg',2),(12,6,'https://svmebel.online/wp-content/uploads/2022/08/divan-kamelot-2-pryamoj-temno-fioletovyj-pantograf-nezavisimyj-pruzhinnyj-blok-1.jpg',1),(13,6,'https://svmebel.online/wp-content/uploads/2022/08/divan-kamelot-2-pryamoj-temno-fioletovyj-pantograf-nezavisimyj-pruzhinnyj-blok-2.jpg',2),(14,7,'https://skfo.silvamebel.ru/upload/resize_cache/webp/iblock/494/854_570_1/9tbodcek2qmxbd6p3h8q5668b4mcg2cn.webp',1),(15,8,'https://skfo.silvamebel.ru/upload/resize_cache/webp/iblock/0b7/854_570_1/y9l534pwclmk0vgoxq6ihn7rb8col1f7.webp',1),(16,9,'https://skfo.silvamebel.ru/upload/resize_cache/webp/iblock/5d9/854_570_1/m7kit3e5z1mz52m5oa9tl78cnznaye4b.webp',1),(17,10,'https://cdn.mebelstol.ru/upload/files/2/2_1150.jpg',1),(18,11,'https://mebelstol.ru/upload/files/3/3_860.jpg',1),(19,12,'https://mebelstol.ru/upload/files/5/5_464.jpg',1),(20,13,'https://cdn.mebelstol.ru/upload/files/1/1121959.jpeg',1),(21,13,'https://cdn.mebelstol.ru/upload/files/2/2_4028.jpg',2),(22,14,'https://mebelstol.ru/upload/files/1/1121958.jpeg',1),(23,14,'https://mebelstol.ru/upload/files/1/1_6053.jpg',2),(24,15,'https://cdn.mebelstol.ru/upload/files/1/1_2888.jpg',1),(25,16,'https://cdn.mebelstol.ru/upload/files/1/1_67.png',1),(26,17,'https://cdn.mebelstol.ru/upload/files/1/1_2739.jpg',1),(27,17,'https://cdn.mebelstol.ru/upload/files/2/2_1147.jpg',2),(28,18,'https://cdn.mebelstol.ru/upload/files/2/223064.jpg',1),(29,18,'https://cdn.mebelstol.ru/upload/files/2/223064_1.jpeg',2),(30,18,'https://cdn.mebelstol.ru/upload/files/2/223064_10.jpeg',3),(31,19,'https://cdn.mebelstol.ru/upload/files/1/153818_8.jpeg',1),(32,19,'https://mebelstol.ru/',2),(33,19,'https://cdn.mebelstol.ru/upload/files/1/153818_5.jpeg',3),(34,20,'https://cdn.mebelstol.ru/upload/files/2/223274.jpg',1),(35,20,'https://cdn.mebelstol.ru/upload/files/2/223274_1.jpeg',2),(36,20,'https://cdn.mebelstol.ru/upload/files/2/223274_1.jpg',3),(63,188,'file:///D:/Graduation%20project/back-end/back_end/uploads/images/8/12/SHT-DS71-ckyv5Dct.jpg',1),(64,188,'file:///D:/Graduation%20project/back-end/back_end/uploads/images/8/12/SHT-DS71_2-SRcEq78I.jpg',2),(65,188,'file:///D:/Graduation%20project/back-end/back_end/uploads/images/8/12/SHT-DS71_3-9dhmD2QI.jpg',3),(66,188,'file:///D:/Graduation%20project/back-end/back_end/uploads/images/8/12/brown_side-we8YdbKf.jpg',4),(67,112,'file:///D:/Graduation%20project/back-end/uploads/images/8/12/SHT-1-3yuVe9HZ.jpeg',1),(68,112,'file:///D:/Graduation%20project/back-end/uploads/images/8/12/SHT-2-ngm7no8g.jpeg',2),(69,112,'file:///D:/Graduation%20project/back-end/uploads/images/8/12/SHT-3-stlezY31.jpeg',3),(70,43,'file:///D:/Graduation%20project/back-end/uploads/images/10/27/adam-1-is5nfAMO.jpg',1),(71,43,'file:///D:/Graduation%20project/back-end/uploads/images/10/27/adam-2-QUi6T4tP.jpg',2);
/*!40000 ALTER TABLE `products_images` ENABLE KEYS */;
UNLOCK TABLES;

--
-- Table structure for table `products_prices`
--

DROP TABLE IF EXISTS `products_prices`;
/*!40101 SET @saved_cs_client     = @@character_set_client */;
/*!50503 SET character_set_client = utf8mb4 */;
CREATE TABLE `products_prices` (
  `id` int NOT NULL AUTO_INCREMENT,
  `product_variant_id` int NOT NULL,
  `price` int NOT NULL,
  `date` date DEFAULT NULL,
  PRIMARY KEY (`id`),
  KEY `fk_prices_product_variants_idx` (`product_variant_id`),
  CONSTRAINT `fk_prices_product_variants` FOREIGN KEY (`product_variant_id`) REFERENCES `variants_product` (`id`)
) ENGINE=InnoDB AUTO_INCREMENT=95 DEFAULT CHARSET=utf8mb4 COLLATE=utf8mb4_0900_ai_ci;
/*!40101 SET character_set_client = @saved_cs_client */;

--
-- Dumping data for table `products_prices`
--

LOCK TABLES `products_prices` WRITE;
/*!40000 ALTER TABLE `products_prices` DISABLE KEYS */;
INSERT INTO `products_prices` VALUES (1,1,35490,'2023-07-08'),(2,2,35490,'2023-07-08'),(3,3,36500,'2023-07-08'),(5,4,34000,'2023-07-09'),(6,5,34000,'2023-07-09'),(7,6,34000,'2023-07-09'),(8,7,45000,'2023-07-09'),(9,8,45000,'2023-07-09'),(10,9,47000,'2023-07-09'),(11,10,22000,'2023-07-09'),(12,11,22000,'2023-07-09'),(13,12,22000,'2023-07-09'),(14,13,22000,'2023-07-09'),(15,14,22000,'2023-07-09'),(16,15,22000,'2023-07-09'),(17,16,78464,'2023-07-09'),(18,17,78037,'2023-07-09'),(19,18,54790,'2023-07-09'),(20,19,34842,'2023-07-09'),(21,20,99837,'2023-07-09'),(22,21,9660,'2023-07-09'),(23,22,28787,'2023-07-09'),(24,23,14957,'2023-07-09'),(25,24,78424,'2023-07-09'),(26,25,57247,'2023-07-09'),(27,26,45965,'2023-07-09'),(28,27,53081,'2023-07-09'),(29,28,27513,'2023-07-09'),(30,29,68322,'2023-07-09'),(31,30,64072,'2023-07-09'),(32,31,15394,'2023-07-09'),(33,32,69755,'2023-07-09'),(34,33,12593,'2023-07-09'),(35,34,38698,'2023-07-09'),(36,35,55712,'2023-07-09'),(37,36,62467,'2023-07-09'),(38,37,45198,'2023-07-09'),(39,38,33591,'2023-07-09'),(40,39,27358,'2023-07-09'),(41,40,31018,'2023-07-09'),(42,41,68017,'2023-07-09'),(43,42,52031,'2023-07-09'),(44,43,51104,'2023-07-09'),(45,44,94426,'2023-07-09'),(46,45,28821,'2023-07-09'),(47,46,45824,'2023-07-09'),(48,47,42656,'2023-07-09'),(49,48,70808,'2023-07-09'),(50,49,31074,'2023-07-09'),(51,50,32947,'2023-07-09'),(52,51,66512,'2023-07-09'),(53,52,38718,'2023-07-09'),(54,53,84054,'2023-07-09'),(55,54,14115,'2023-07-09'),(56,55,98416,'2023-07-09'),(57,56,64734,'2023-07-09'),(58,57,23421,'2023-07-09'),(59,58,12905,'2023-07-09'),(60,59,84263,'2023-07-09'),(61,60,92597,'2023-07-09'),(62,61,15198,'2023-07-09'),(63,62,78197,'2023-07-09'),(64,63,55392,'2023-07-09'),(65,64,37368,'2023-07-09'),(66,65,15664,'2023-07-09'),(67,66,56219,'2023-07-09'),(68,67,39099,'2023-07-09'),(69,68,21842,'2023-07-09'),(70,69,81910,'2023-07-09'),(71,70,54025,'2023-07-09'),(72,71,19396,'2023-07-09'),(73,72,24904,'2023-07-09'),(74,73,61334,'2023-07-09'),(75,74,36957,'2023-07-09'),(76,75,90781,'2023-07-09'),(77,76,53036,'2023-07-09'),(78,77,82835,'2023-07-09'),(79,78,60068,'2023-07-09'),(80,79,46836,'2023-07-09'),(81,80,48976,'2023-07-09'),(82,81,99373,'2023-07-09'),(83,82,59938,'2023-07-09'),(84,83,91568,'2023-07-09'),(85,84,83026,'2023-07-09'),(86,85,40425,'2023-07-09'),(87,86,43048,'2023-07-09'),(88,87,88963,'2023-07-09'),(89,88,25674,'2023-07-09'),(90,89,46478,'2023-07-09'),(91,90,55369,'2023-07-09'),(92,91,37413,'2023-07-09'),(93,92,15957,'2023-07-09'),(94,93,57547,'2023-07-09');
/*!40000 ALTER TABLE `products_prices` ENABLE KEYS */;
UNLOCK TABLES;

--
-- Table structure for table `products_views`
--

DROP TABLE IF EXISTS `products_views`;
/*!40101 SET @saved_cs_client     = @@character_set_client */;
/*!50503 SET character_set_client = utf8mb4 */;
CREATE TABLE `products_views` (
  `id` bigint NOT NULL AUTO_INCREMENT,
  `visitor_id` int NOT NULL,
  `product_id` int NOT NULL,
  `count` int NOT NULL,
  PRIMARY KEY (`id`),
  KEY `fk_products_views_visitors_idx` (`visitor_id`),
  KEY `fk_products_views_products_idx` (`product_id`),
  CONSTRAINT `fk_products_views_products` FOREIGN KEY (`product_id`) REFERENCES `products` (`id`),
  CONSTRAINT `fk_products_views_visitors` FOREIGN KEY (`visitor_id`) REFERENCES `visitors` (`id`)
) ENGINE=InnoDB AUTO_INCREMENT=18 DEFAULT CHARSET=utf8mb4 COLLATE=utf8mb4_0900_ai_ci COMMENT='Сдесь считаются именно просмотры товаров, а не их вариантов исполнения. Это сделано осознанно!';
/*!40101 SET character_set_client = @saved_cs_client */;

--
-- Dumping data for table `products_views`
--

LOCK TABLES `products_views` WRITE;
/*!40000 ALTER TABLE `products_views` DISABLE KEYS */;
INSERT INTO `products_views` VALUES (1,1,5,4),(2,2,13,2),(3,3,13,1),(4,4,13,2),(5,4,15,1),(6,4,12,5),(7,4,6,1),(8,4,27,4),(9,4,58,1),(10,4,24,1),(11,4,48,1),(12,4,52,1),(13,10,52,1),(14,9,34,2),(15,9,12,1),(16,9,27,2),(17,8,27,4);
/*!40000 ALTER TABLE `products_views` ENABLE KEYS */;
UNLOCK TABLES;

--
-- Table structure for table `subcategories`
--

DROP TABLE IF EXISTS `subcategories`;
/*!40101 SET @saved_cs_client     = @@character_set_client */;
/*!50503 SET character_set_client = utf8mb4 */;
CREATE TABLE `subcategories` (
  `id` int NOT NULL AUTO_INCREMENT,
  `sub_name` varchar(255) DEFAULT NULL,
  PRIMARY KEY (`id`),
  KEY `subcategories_id_index` (`id`)
) ENGINE=InnoDB AUTO_INCREMENT=6 DEFAULT CHARSET=utf8mb4 COLLATE=utf8mb4_0900_ai_ci;
/*!40101 SET character_set_client = @saved_cs_client */;

--
-- Dumping data for table `subcategories`
--

LOCK TABLES `subcategories` WRITE;
/*!40000 ALTER TABLE `subcategories` DISABLE KEYS */;
INSERT INTO `subcategories` VALUES (1,'Диваны'),(2,'Шкафы'),(3,'Тумбы'),(4,'Пуфы'),(5,'Мягкие кресла');
/*!40000 ALTER TABLE `subcategories` ENABLE KEYS */;
UNLOCK TABLES;

--
-- Table structure for table `user_roles`
--

DROP TABLE IF EXISTS `user_roles`;
/*!40101 SET @saved_cs_client     = @@character_set_client */;
/*!50503 SET character_set_client = utf8mb4 */;
CREATE TABLE `user_roles` (
  `id` int NOT NULL AUTO_INCREMENT,
  `role` varchar(255) DEFAULT NULL,
  PRIMARY KEY (`id`)
) ENGINE=InnoDB AUTO_INCREMENT=4 DEFAULT CHARSET=utf8mb4 COLLATE=utf8mb4_0900_ai_ci;
/*!40101 SET character_set_client = @saved_cs_client */;

--
-- Dumping data for table `user_roles`
--

LOCK TABLES `user_roles` WRITE;
/*!40000 ALTER TABLE `user_roles` DISABLE KEYS */;
INSERT INTO `user_roles` VALUES (1,'Администратор'),(2,'Редактор'),(3,'Покупатель');
/*!40000 ALTER TABLE `user_roles` ENABLE KEYS */;
UNLOCK TABLES;

--
-- Table structure for table `users`
--

DROP TABLE IF EXISTS `users`;
/*!40101 SET @saved_cs_client     = @@character_set_client */;
/*!50503 SET character_set_client = utf8mb4 */;
CREATE TABLE `users` (
  `id` int NOT NULL AUTO_INCREMENT,
  `login` varchar(255) NOT NULL,
  `email` varchar(70) NOT NULL,
  `role_id` int NOT NULL,
  PRIMARY KEY (`id`),
  UNIQUE KEY `login_UNIQUE` (`login`),
  KEY `fk_users_roles_idx` (`role_id`),
  CONSTRAINT `fk_users_roles` FOREIGN KEY (`role_id`) REFERENCES `user_roles` (`id`)
) ENGINE=InnoDB AUTO_INCREMENT=6 DEFAULT CHARSET=utf8mb4 COLLATE=utf8mb4_0900_ai_ci;
/*!40101 SET character_set_client = @saved_cs_client */;

--
-- Dumping data for table `users`
--

LOCK TABLES `users` WRITE;
/*!40000 ALTER TABLE `users` DISABLE KEYS */;
INSERT INTO `users` VALUES (1,'admin','admin@gmail.com',1),(2,'moderator1','moderator1@gmail.com',2),(3,'user1','user1@gmail.com',3),(4,'user2','user2@gmail.com',3),(5,'user3','user3@gmail.com',3);
/*!40000 ALTER TABLE `users` ENABLE KEYS */;
UNLOCK TABLES;

--
-- Table structure for table `users_passwords`
--

DROP TABLE IF EXISTS `users_passwords`;
/*!40101 SET @saved_cs_client     = @@character_set_client */;
/*!50503 SET character_set_client = utf8mb4 */;
CREATE TABLE `users_passwords` (
  `id` int NOT NULL AUTO_INCREMENT,
  `user_id` int NOT NULL,
  `password` varchar(255) NOT NULL,
  PRIMARY KEY (`id`)
) ENGINE=InnoDB AUTO_INCREMENT=6 DEFAULT CHARSET=utf8mb4 COLLATE=utf8mb4_0900_ai_ci;
/*!40101 SET character_set_client = @saved_cs_client */;

--
-- Dumping data for table `users_passwords`
--

LOCK TABLES `users_passwords` WRITE;
/*!40000 ALTER TABLE `users_passwords` DISABLE KEYS */;
INSERT INTO `users_passwords` VALUES (1,1,'admin'),(2,2,'moderator'),(3,3,'user1'),(4,4,'user2'),(5,5,'user3');
/*!40000 ALTER TABLE `users_passwords` ENABLE KEYS */;
UNLOCK TABLES;

--
-- Table structure for table `variants_product`
--

DROP TABLE IF EXISTS `variants_product`;
/*!40101 SET @saved_cs_client     = @@character_set_client */;
/*!50503 SET character_set_client = utf8mb4 */;
CREATE TABLE `variants_product` (
  `id` int NOT NULL AUTO_INCREMENT,
  `product_id` int NOT NULL,
  `preview_img` varchar(255) NOT NULL,
  `title` varchar(255) DEFAULT NULL,
  `price` int NOT NULL,
  `show_variant` bit(1) DEFAULT NULL,
  `is_deleted` bit(1) DEFAULT b'0',
  PRIMARY KEY (`id`),
  KEY `fk_products_variants_idx` (`product_id`),
  KEY `product_id_index` (`product_id`),
  KEY `variant_id_index` (`id`),
  FULLTEXT KEY `fulltext_title_index` (`title`),
  CONSTRAINT `fk_products_variants` FOREIGN KEY (`product_id`) REFERENCES `products` (`id`)
) ENGINE=InnoDB AUTO_INCREMENT=189 DEFAULT CHARSET=utf8mb4 COLLATE=utf8mb4_0900_ai_ci COMMENT='Правильнм назвзанием было бы: product_variants, но таблиц с префиксом product и так слишком много, так что данную таблицу будет проще найти при таком именовании)';
/*!40101 SET character_set_client = @saved_cs_client */;

--
-- Dumping data for table `variants_product`
--

LOCK TABLES `variants_product` WRITE;
/*!40000 ALTER TABLE `variants_product` DISABLE KEYS */;
INSERT INTO `variants_product` VALUES (1,1,'https://cdn.mebelstol.ru/upload/preview/d/divan_mebel_ars_grand_veljur_20.jpg','Шоколад',48363,_binary '',_binary '\0'),(2,1,'https://cdn.mebelstol.ru/upload/preview/d/divan_mebel_ars_grand_veljur_6_1.jpg','Пудра',34888,_binary '',_binary '\0'),(3,1,'https://cdn.mebelstol.ru/upload/preview/d/divan_mebel_ars_grand_veljur_18_1.jpg','Черный',49352,_binary '',_binary '\0'),(4,2,'https://svmebel.online/wp-content/uploads/2022/08/divan-tokio-2-pryamoj-seryj-akkordeon-vysokoelastichnyj-ppu-2.jpg','Диван «Токио 2»',22094,_binary '',_binary '\0'),(5,3,'https://svmebel.online/wp-content/uploads/2022/08/divan-ostin-uglovoj-bezhevyj-pantograf-pruzhinnyj-blok-bonnel-1.jpg','Диван «Остин»',17417,_binary '',_binary '\0'),(6,4,'https://svmebel.online/wp-content/uploads/2022/08/divan-kamelot-2-pryamoj-temno-fioletovyj-pantograf-nezavisimyj-pruzhinnyj-blok-1.jpg','Диван «Камелот 2»',40801,_binary '',_binary '\0'),(7,5,'https://skfo.silvamebel.ru/upload/resize_cache/webp/iblock/494/854_570_1/9tbodcek2qmxbd6p3h8q5668b4mcg2cn.webp','Принт салмон',31754,_binary '',_binary '\0'),(8,5,'https://skfo.silvamebel.ru/upload/resize_cache/webp/iblock/0b7/854_570_1/y9l534pwclmk0vgoxq6ihn7rb8col1f7.webp','Микрофибра',21369,_binary '',_binary '\0'),(9,5,'https://skfo.silvamebel.ru/upload/resize_cache/webp/iblock/5d9/854_570_1/m7kit3e5z1mz52m5oa9tl78cnznaye4b.webp','М-В Кетс.',31582,_binary '',_binary '\0'),(10,6,'https://cdn.mebelstol.ru/upload/preview/2/2_1150.jpg','Лоза',43801,_binary '',_binary '\0'),(11,6,'https://cdn.mebelstol.ru/upload/preview/3/3_860.jpg','Прима',39259,_binary '',_binary '\0'),(12,12,'file:///D:/Graduation%20project/back-end/back_end/uploads/thumbnails/8/12/SHT-DS71-ckyv5Dct-thumb.jpg','Белый шоколад v.3',47300,_binary '',_binary '\0'),(13,7,'https://cdn.mebelstol.ru/upload/preview/1/1121959.jpeg','Дуб сонома.',46694,_binary '',_binary '\0'),(14,7,'https://cdn.mebelstol.ru/upload/preview/1/1121958.jpeg','Белый/Венге',33788,_binary '',_binary '\0'),(15,8,'https://cdn.mebelstol.ru/upload/preview/1/1_2888.jpg','Кенди/Белый',48857,_binary '',_binary '\0'),(16,9,'https://cdn.mebelstol.ru/upload/files/1/1_67.png','Белый',22922,_binary '',_binary '\0'),(17,10,'https://cdn.mebelstol.ru/upload/preview/1/1_2739.jpg','Персик',23039,_binary '',_binary '\0'),(18,11,'https://cdn.mebelstol.ru/upload/preview/2/223064.jpg','Белый/глянцевый',31430,_binary '',_binary '\0'),(19,12,'https://cdn.mebelstol.ru/upload/preview/1/153818_8.jpeg','кофейный ликер',38030,_binary '',_binary '\0'),(20,13,'https://cdn.mebelstol.ru/upload/preview/2/223274.jpg','сосна касцина',45863,_binary '\0',_binary '\0'),(21,14,'https://cdn.mebelstol.ru/upload/preview/l/leset_stol_govard_belyj_stul_cheyz_belyj_velutto_32_1.jpg','Белый',30223,_binary '',_binary '\0'),(22,15,'https://mebelstol.ru/','Белый лак',33525,_binary '',_binary '\0'),(23,16,'https://cdn.mebelstol.ru/upload/preview/5/5501.jpeg','Махагон',26957,_binary '',_binary '\0'),(24,16,'https://cdn.mebelstol.ru/upload/preview/1/12008.jpg','Орех темный. Массив. Шпон.',19212,_binary '',_binary '\0'),(25,16,'https://cdn.mebelstol.ru/upload/preview/5/5946_1.jpeg','Слоновая кость',35187,_binary '',_binary '\0'),(26,17,'https://cdn.mebelstol.ru/upload/preview/1/19308_1.jpeg','Венге',33298,_binary '',_binary '\0'),(27,18,'https://cdn.mebelstol.ru/upload/preview/f/fac37e64821679f9686509c33b95adae.jpeg','Белый',45929,_binary '',_binary '\0'),(28,18,'https://cdn.mebelstol.ru/upload/preview/s/stol-60-60-dsp-white_1.jpeg','Венге',44754,_binary '',_binary '\0'),(29,18,'https://cdn.mebelstol.ru/upload/preview/s/stol-60-60-dsp-yasen_1.jpeg','Ясень',35980,_binary '',_binary '\0'),(30,19,'https://cdn.mebelstol.ru/upload/preview/c/catalog_11927942021110011001_1.jpg','Мрамор белый',30639,_binary '',_binary '\0'),(31,19,'https://cdn.mebelstol.ru/upload/preview/c/catalog_11927942021110011002_1.jpg','Мрамор черный',30253,_binary '',_binary '\0'),(32,20,'https://svmebel.online/wp-content/uploads/2021/06/stol-brik-chyornyj-sv-mebel.jpg','Черный',44351,_binary '',_binary '\0'),(33,20,'https://svmebel.online/wp-content/uploads/2021/06/stol-brik-belyj-sv-mebel-768x549.jpg','Белый',45996,_binary '',_binary '\0'),(34,21,'https://svmebel.online/wp-content/uploads/2023/02/stol-so-3-raskladnoj-belyj-ldsp-sv-mebel-2-768x549.jpg','Белый',46926,_binary '',_binary '\0'),(35,21,'https://svmebel.online/wp-content/uploads/2023/02/stol-so-3-raskladnoj-dub-zolotoj-ldsp-sv-mebel-2-768x549.jpg','Золотой зуб',46642,_binary '\0',_binary '\0'),(36,21,'link','',42432,_binary '',_binary '\0'),(37,22,'https://svmebel.online/wp-content/uploads/2022/05/stol-ultra-dub-toronto-sv-mebel.jpg','Дуб торонто.',22236,_binary '',_binary '\0'),(38,22,'https://svmebel.online/wp-content/uploads/2022/05/stol-ultra-chyornyj-matovyj-shagren-sv-mebel-768x549.jpg','Черный',38884,_binary '',_binary '\0'),(39,23,'https://svmebel.online/wp-content/uploads/2023/02/modulnaya-gostinaya-tokio-belyj-teksturnyj-sv-mebel-2.jpg','Модульная гостиная «Токио»',42709,_binary '',_binary '\0'),(40,24,'https://svmebel.online/wp-content/uploads/2023/05/shkaf-chetyrehstvorchatyj-belyj-napolnenie-milan-sv-mebel-krasnodar.jpg','Шкаф четырёхстворчатый «Милан» Белый',46896,_binary '',_binary '\0'),(41,25,'https://svmebel.online/wp-content/uploads/2022/03/mebel-dlya-gostinoj-mgs-5-gostinaya-belyj-czement-svetlyj.jpg','Гостиная «МГС 5»',21351,_binary '',_binary '\0'),(42,26,'no photo','Шкаф-купе корпус 1,5м \"Лотос/Орфей\"',21068,_binary '',_binary '\0'),(43,27,'file:///D:/Graduation%20project/back-end/uploads/thumbnails/10/27/adam-1-is5nfAMO-thumb.jpg','Базовый ',26300,_binary '',_binary '\0'),(44,27,'https://alleyadoma.ru/upload/iblock/62c/62cd57348dc1146cabc6d530e7dfe62a.jpg','Ясень',18236,_binary '',_binary '\0'),(45,28,'https://svmebel.online/wp-content/uploads/2021/08/divan-krovat-%E2%84%961-yasen-ankor-sv-mebel.jpg','Белый',32317,_binary '\0',_binary '\0'),(46,28,'https://svmebel.online/wp-content/uploads/2021/08/divan-krovat-%E2%84%961-dub-sonoma-sv-mebel.jpg','Дуб сонома',21874,_binary '',_binary '\0'),(47,29,'https://parkmebeli.com/wp-content/uploads/2023/02/detskaya-vega-dm-09-krovat-08h186-sosna-kareliya-sv-mebel.jpg','ДМ-09 Кровать «Вега» 0,8 м',32419,_binary '',_binary '\0'),(48,30,'https://svmebel.online/wp-content/uploads/2023/02/krovat-tokio-belyj-teksturnyj-sv-mebel-768x549.jpg','Кровать двуспальная 1,6 м «Токио»',46475,_binary '',_binary '\0'),(49,31,'https://svmebel.online/wp-content/uploads/2021/07/detskaya-grej-krovat-divan-s-yashhikami-czement-svetlyj-belyj-s-fotopechatyu-sv-mebel.jpg','Кровать-диван',15116,_binary '',_binary '\0'),(50,32,'https://svmebel.online/wp-content/uploads/2022/05/krovat-18-m-kr-101-aleksandriya-sv-mebel.jpg','Кровать 1.8 м КР-101 «Александрия»',26156,_binary '',_binary '\0'),(51,33,'https://cdn.mebelstol.ru/upload/preview/a/alfa_brown_2_1.png','Коричневый',35432,_binary '',_binary '\0'),(52,33,'https://cdn.mebelstol.ru/upload/preview/a/alfa_grey_2.png','Темно-серый',48692,_binary '',_binary '\0'),(53,33,'https://cdn.mebelstol.ru/upload/preview/a/alfa_dark_blue_2.png','Темно-серый',17165,_binary '',_binary '\0'),(54,34,'https://cdn.mebelstol.ru/upload/preview/d/d07713f69f5a077e571271a5c51469ba.jpg','Коричневый',29750,_binary '',_binary '\0'),(55,34,'https://cdn.mebelstol.ru/upload/preview/2/222421f50a2a9cdcc7ffb8be4d855273.jpg','Зеленый',47253,_binary '',_binary '\0'),(56,34,'https://cdn.mebelstol.ru/upload/preview/f/fe249902b90b5b4a3eafb7310576706b.jpg','Бежевый',27014,_binary '',_binary '\0'),(57,35,'https://svmebel.online/wp-content/uploads/2023/06/matras-comforto-sono.jpg','Матрас Comforto',48312,_binary '',_binary '\0'),(58,36,'https://svmebel.online/wp-content/uploads/2022/09/matras-komfo-hollo-miks-sono.jpg','Матрас Comfo холло микс',40517,_binary '\0',_binary '\0'),(59,37,'https://svmebel.online/wp-content/uploads/2022/09/matras-norma-norma-sono.jpg','Матрас Norma',42651,_binary '',_binary '\0'),(60,38,'https://svmebel.online/wp-content/uploads/2022/09/matras-comfo-sezon-sono.jpg','Матрас Comfo сезон',41702,_binary '',_binary '\0'),(61,39,'https://svmebel.online/wp-content/uploads/2022/09/matras-extra-miks.jpg','Матрас Extra микс',30556,_binary '',_binary '\0'),(62,40,'https://svmebel.online/wp-content/uploads/2021/08/puf-kvadratik-santeks-venge-sv-mebel.jpg','Черный',47674,_binary '',_binary '\0'),(63,40,'https://svmebel.online/wp-content/uploads/2021/08/puf-kvadratik-santeks-belyj-sv-mebel.jpg','Белый',26702,_binary '\0',_binary '\0'),(64,41,'https://svmebel.online/wp-content/uploads/2021/08/puf-grusha-seryj-s-printom-gazeta-sv-mebel.jpg','Пуф «Груша»',45491,_binary '',_binary '\0'),(65,42,'https://cdn.mebelstol.ru/upload/preview/p/puf-sharlotta-s-yashchikom-velyur-zelenyj_white_1_1.jpeg','Зеленый',27346,_binary '',_binary '\0'),(66,42,'https://cdn.mebelstol.ru/upload/preview/p/puf-sharlotta-s-yashchikom-velyur-rozovyj_white_1_1.jpeg','Розовый',20257,_binary '',_binary '\0'),(67,42,'https://cdn.mebelstol.ru/upload/preview/p/puf-sharlotta-s-yashchikom-velyur-seryj_white_1_1.jpeg','Серый',39248,_binary '',_binary '\0'),(68,43,'https://cdn.mebelstol.ru/upload/preview/k/knjhvfrd.jpg','c-221',15467,_binary '',_binary '\0'),(69,43,'https://cdn.mebelstol.ru/upload/preview/k/kjihgytfds.jpg','c-121',49593,_binary '',_binary '\0'),(70,43,'https://cdn.mebelstol.ru/upload/preview/n/njniuhvutfcugy.jpg','c-332',46565,_binary '',_binary '\0'),(71,44,'https://cdn.mebelstol.ru/upload/preview/c/catalog_11927942023020052010_1.jpg','Розовый',34044,_binary '',_binary '\0'),(72,44,'https://cdn.mebelstol.ru/upload/preview/c/catalog_11927942023020052013_1.jpg','Серый',15524,_binary '',_binary '\0'),(73,44,'https://cdn.mebelstol.ru/upload/preview/c/catalog_11927942023020052014_1.jpg','Зеленый',30491,_binary '',_binary '\0'),(74,45,'https://cdn.mebelstol.ru/upload/preview/2/25eb668d0f3c14ccdcbee66bf2e7b083_1.jpeg','Дуб ниагара',20882,_binary '',_binary '\0'),(75,46,'link','',32937,_binary '',_binary '\0'),(76,46,'link','',17039,_binary '\0',_binary '\0'),(77,46,'link','',41384,_binary '',_binary '\0'),(78,47,'https://cdn.mebelstol.ru/upload/preview/2/2023-02-15_17-48-10.jpg','Белый',35801,_binary '',_binary '\0'),(79,47,'https://cdn.mebelstol.ru/upload/preview/2/2023-02-15_18-55-20.jpg','Сонома',39855,_binary '',_binary '\0'),(80,47,'https://cdn.mebelstol.ru/upload/preview/2/2023-02-15_18-28-43.jpg','Венге',41872,_binary '',_binary '\0'),(81,48,'https://cdn.mebelstol.ru/upload/preview/4/4_1_32.jpg','Тумба белая',35000,_binary '',_binary '\0'),(82,48,'https://cdn.mebelstol.ru/upload/preview/4/4_1_31.jpg','Сонома',23356,_binary '',_binary '\0'),(83,48,'https://cdn.mebelstol.ru/upload/preview/4/4_1_30.jpg','Венге',17395,_binary '',_binary '\0'),(84,49,'https://cdn.mebelstol.ru/upload/preview/m/mbi-kas-10_2.jpg','Белый',36910,_binary '',_binary '\0'),(85,49,'https://cdn.mebelstol.ru/upload/preview/k/kastor_10_sonoma_close.jpg','Сонома',47365,_binary '',_binary '\0'),(86,49,'https://cdn.mebelstol.ru/upload/preview/k/kastor_10_wenge_close.jpg','Венге',41094,_binary '',_binary '\0'),(87,50,'https://cdn.mebelstol.ru/upload/preview/4/4_487.jpg','Крафт',48374,_binary '',_binary '\0'),(88,51,'https://cdn.mebelstol.ru/upload/preview/1/1_768.jpg','венге/лоредо',33588,_binary '',_binary '\0'),(89,52,'https://cutt.ly/Gwic3CLP','дуб сонома',42817,_binary '',_binary '\0'),(90,53,'https://mebelony.ru/images/BTS_HOME/3%D0%9F%D1%80%D0%B8%D1%85%D0%BE%D0%B6%D0%B8%D0%B5/%D0%9B%D0%B8%D1%80%D0%B0_NEW/%D0%9B%D0%B8%D1%80%D0%B0-NEW.jpg','венге/лоредо',28324,_binary '',_binary '\0'),(91,54,'https://mebelony.ru/images/BTS_HOME/3%D0%9F%D1%80%D0%B8%D1%85%D0%BE%D0%B6%D0%B8%D0%B5/%D0%A2%D1%80%D0%B0%D0%BC%D0%BF/%D0%A2%D1%80%D0%B0%D0%BC%D0%BF-%D0%BF%D1%80%D0%B8%D1%85%D0%BE%D0%B6%D0%B0%D1%8F-%D0%B2%D0%B8%D0%B4-2.jpg','крафт/бетон',33167,_binary '',_binary '\0'),(92,55,'https://cutt.ly/Vwic3v95','лорпедо',30865,_binary '',_binary '\0'),(93,55,'Это уже ссылка на cutt.ly.','венге',39822,_binary '',_binary '\0'),(94,1,'https://cdn.mebelstol.ru/upload/preview/d/divan_mebel_ars_grand_veljur_20.jpg','Шоколад',35490,_binary '',_binary '\0'),(95,1,'https://cdn.mebelstol.ru/upload/preview/d/divan_mebel_ars_grand_veljur_6_1.jpg','Пудра',35490,_binary '',_binary '\0'),(96,1,'https://cdn.mebelstol.ru/upload/preview/d/divan_mebel_ars_grand_veljur_18_1.jpg','Черный',36500,_binary '',_binary '\0'),(97,2,'https://svmebel.online/wp-content/uploads/2022/08/divan-tokio-2-pryamoj-seryj-akkordeon-vysokoelastichnyj-ppu-2.jpg','Диван «Токио 2»',34000,_binary '',_binary '\0'),(98,3,'https://svmebel.online/wp-content/uploads/2022/08/divan-ostin-uglovoj-bezhevyj-pantograf-pruzhinnyj-blok-bonnel-1.jpg','Диван «Остин»',34000,_binary '\0',_binary '\0'),(99,4,'https://svmebel.online/wp-content/uploads/2022/08/divan-kamelot-2-pryamoj-temno-fioletovyj-pantograf-nezavisimyj-pruzhinnyj-blok-1.jpg','Диван «Камелот 2»',34000,_binary '',_binary '\0'),(100,5,'https://skfo.silvamebel.ru/upload/resize_cache/webp/iblock/494/854_570_1/9tbodcek2qmxbd6p3h8q5668b4mcg2cn.webp','Принт салмон',34000,_binary '\0',_binary '\0'),(101,5,'https://skfo.silvamebel.ru/upload/resize_cache/webp/iblock/0b7/854_570_1/y9l534pwclmk0vgoxq6ihn7rb8col1f7.webp','Микрофибра',34000,_binary '',_binary '\0'),(102,5,'https://skfo.silvamebel.ru/upload/resize_cache/webp/iblock/5d9/854_570_1/m7kit3e5z1mz52m5oa9tl78cnznaye4b.webp','М-В Кетс.',34000,_binary '',_binary '\0'),(103,6,'https://cdn.mebelstol.ru/upload/preview/2/2_1150.jpg','Лоза',45000,_binary '',_binary '\0'),(104,6,'https://cdn.mebelstol.ru/upload/preview/3/3_860.jpg','Прима',45000,_binary '',_binary '\0'),(105,6,'https://cdn.mebelstol.ru/upload/preview/5/5_464.jpg','Акварель',47000,_binary '',_binary '\0'),(106,7,'https://cdn.mebelstol.ru/upload/preview/1/1121959.jpeg','Дуб сонома.',22000,_binary '',_binary '\0'),(107,7,'https://cdn.mebelstol.ru/upload/preview/1/1121958.jpeg','Белый/Венге',22000,_binary '',_binary '\0'),(108,8,'https://cdn.mebelstol.ru/upload/preview/1/1_2888.jpg','Кенди/Белый',22000,_binary '',_binary '\0'),(109,9,'https://cdn.mebelstol.ru/upload/files/1/1_67.png','Белый',22000,_binary '',_binary '\0'),(110,10,'https://cdn.mebelstol.ru/upload/preview/1/1_2739.jpg','Персик',25000,_binary '',_binary '\0'),(111,11,'https://cdn.mebelstol.ru/upload/preview/2/223064.jpg','Белый/глянцевый',22000,_binary '',_binary '\0'),(112,12,'file:///D:/Graduation%20project/back-end/uploads/thumbnails/8/12/SHT-1-3yuVe9HZ-thumb.jpeg','кофейный ликер',55500,_binary '',NULL),(113,13,'https://cdn.mebelstol.ru/upload/preview/2/223274.jpg','сосна касцина',44734,_binary '',_binary '\0'),(114,14,'https://cdn.mebelstol.ru/upload/preview/l/leset_stol_govard_belyj_stul_cheyz_belyj_velutto_32_1.jpg','Белый',40220,_binary '',_binary '\0'),(115,15,'https://mebelstol.ru/','Белый лак',61897,_binary '',_binary '\0'),(116,16,'https://cdn.mebelstol.ru/upload/preview/5/5501.jpeg','Махагон',88824,_binary '',_binary '\0'),(117,16,'https://cdn.mebelstol.ru/upload/preview/1/12008.jpg','Орех темный. Массив. Шпон.',63431,_binary '',_binary '\0'),(118,16,'https://cdn.mebelstol.ru/upload/preview/5/5946_1.jpeg','Слоновая кость',45681,_binary '',_binary '\0'),(119,17,'https://cdn.mebelstol.ru/upload/preview/1/19308_1.jpeg','Венге',33114,_binary '',_binary '\0'),(120,18,'https://cdn.mebelstol.ru/upload/preview/f/fac37e64821679f9686509c33b95adae.jpeg','Белый',23524,_binary '',_binary '\0'),(121,18,'https://cdn.mebelstol.ru/upload/preview/s/stol-60-60-dsp-white_1.jpeg','Венге',13281,_binary '',_binary '\0'),(122,18,'https://cdn.mebelstol.ru/upload/preview/s/stol-60-60-dsp-yasen_1.jpeg','Ясень',85832,_binary '',_binary '\0'),(123,19,'https://cdn.mebelstol.ru/upload/preview/c/catalog_11927942021110011001_1.jpg','Мрамор белый',99317,_binary '\0',_binary '\0'),(124,19,'https://cdn.mebelstol.ru/upload/preview/c/catalog_11927942021110011002_1.jpg','Мрамор черный',44091,_binary '',_binary '\0'),(125,20,'https://svmebel.online/wp-content/uploads/2021/06/stol-brik-chyornyj-sv-mebel.jpg','Черный',12503,_binary '',_binary '\0'),(126,20,'https://svmebel.online/wp-content/uploads/2021/06/stol-brik-belyj-sv-mebel-768x549.jpg','Белый',20243,_binary '\0',_binary '\0'),(127,21,'https://svmebel.online/wp-content/uploads/2023/02/stol-so-3-raskladnoj-belyj-ldsp-sv-mebel-2-768x549.jpg','Белый',58706,_binary '',_binary '\0'),(128,21,'https://svmebel.online/wp-content/uploads/2023/02/stol-so-3-raskladnoj-dub-zolotoj-ldsp-sv-mebel-2-768x549.jpg','Золотой зуб',37799,_binary '',_binary '\0'),(129,22,'https://svmebel.online/wp-content/uploads/2022/05/stol-ultra-dub-toronto-sv-mebel.jpg','Дуб торонто.',7878,_binary '\0',_binary '\0'),(130,12,'https://svmebel.online/wp-content/uploads/2022/05/stol-ultra-chyornyj-matovyj-shagren-sv-mebel-768x549.jpg','Белый шоколад v.3',19000,_binary '',_binary '\0'),(131,23,'https://svmebel.online/wp-content/uploads/2023/02/modulnaya-gostinaya-tokio-belyj-teksturnyj-sv-mebel-2.jpg','Модульная гостиная «Токио»',51326,_binary '',_binary '\0'),(132,24,'https://svmebel.online/wp-content/uploads/2023/05/shkaf-chetyrehstvorchatyj-belyj-napolnenie-milan-sv-mebel-krasnodar.jpg','Шкаф четырёхстворчатый «Милан» Белый',13653,_binary '',_binary '\0'),(133,25,'https://svmebel.online/wp-content/uploads/2022/03/mebel-dlya-gostinoj-mgs-5-gostinaya-belyj-czement-svetlyj.jpg','Гостиная «МГС 5»',99286,_binary '',_binary '\0'),(134,26,'no photo','Шкаф-купе корпус 1,5м \"Лотос/Орфей\"',70474,_binary '',_binary '\0'),(135,27,'https://alleyadoma.ru/upload/iblock/da4/da4e3e48aaaa56f33a9d7419a461a372.jpg','Черный',49513,_binary '',_binary '\0'),(136,27,'https://alleyadoma.ru/upload/iblock/62c/62cd57348dc1146cabc6d530e7dfe62a.jpg','Ясень',31141,_binary '',_binary '\0'),(137,28,'https://svmebel.online/wp-content/uploads/2021/08/divan-krovat-%E2%84%961-yasen-ankor-sv-mebel.jpg','Белый',97167,_binary '',_binary '\0'),(138,28,'https://svmebel.online/wp-content/uploads/2021/08/divan-krovat-%E2%84%961-dub-sonoma-sv-mebel.jpg','Дуб сонома',7414,_binary '',_binary '\0'),(139,29,'https://parkmebeli.com/wp-content/uploads/2023/02/detskaya-vega-dm-09-krovat-08h186-sosna-kareliya-sv-mebel.jpg','ДМ-09 Кровать «Вега» 0,8 м',25565,_binary '',_binary '\0'),(140,30,'https://svmebel.online/wp-content/uploads/2023/02/krovat-tokio-belyj-teksturnyj-sv-mebel-768x549.jpg','Кровать двуспальная 1,6 м «Токио»',5586,_binary '',_binary '\0'),(141,31,'https://svmebel.online/wp-content/uploads/2021/07/detskaya-grej-krovat-divan-s-yashhikami-czement-svetlyj-belyj-s-fotopechatyu-sv-mebel.jpg','Кровать-диван',41233,_binary '',_binary '\0'),(142,32,'https://svmebel.online/wp-content/uploads/2022/05/krovat-18-m-kr-101-aleksandriya-sv-mebel.jpg','Кровать 1.8 м КР-101 «Александрия»',89407,_binary '',_binary '\0'),(143,33,'https://cdn.mebelstol.ru/upload/preview/a/alfa_brown_2_1.png','Коричневый',33339,_binary '',_binary '\0'),(144,33,'https://cdn.mebelstol.ru/upload/preview/a/alfa_grey_2.png','Темно-серый',83470,_binary '',_binary '\0'),(145,33,'https://cdn.mebelstol.ru/upload/preview/a/alfa_dark_blue_2.png','Темно-серый',27336,_binary '',_binary '\0'),(146,34,'https://cdn.mebelstol.ru/upload/preview/d/d07713f69f5a077e571271a5c51469ba.jpg','Коричневый',71268,_binary '\0',_binary '\0'),(147,34,'https://cdn.mebelstol.ru/upload/preview/2/222421f50a2a9cdcc7ffb8be4d855273.jpg','Зеленый',79331,_binary '',_binary '\0'),(148,34,'https://cdn.mebelstol.ru/upload/preview/f/fe249902b90b5b4a3eafb7310576706b.jpg','Бежевый',82853,_binary '',_binary '\0'),(149,35,'https://svmebel.online/wp-content/uploads/2023/06/matras-comforto-sono.jpg','Матрас Comforto',76270,_binary '\0',_binary '\0'),(150,36,'https://svmebel.online/wp-content/uploads/2022/09/matras-komfo-hollo-miks-sono.jpg','Матрас Comfo холло микс',32790,_binary '',_binary '\0'),(151,37,'https://svmebel.online/wp-content/uploads/2022/09/matras-norma-norma-sono.jpg','Матрас Norma',25143,_binary '',_binary '\0'),(152,38,'https://svmebel.online/wp-content/uploads/2022/09/matras-comfo-sezon-sono.jpg','На пружинах',25000,_binary '',_binary '\0'),(153,39,'https://svmebel.online/wp-content/uploads/2022/09/matras-extra-miks.jpg','Матрас Extra микс',31283,_binary '',_binary '\0'),(154,40,'https://svmebel.online/wp-content/uploads/2021/08/puf-kvadratik-santeks-venge-sv-mebel.jpg','Черный',84387,_binary '',_binary '\0'),(155,40,'https://svmebel.online/wp-content/uploads/2021/08/puf-kvadratik-santeks-belyj-sv-mebel.jpg','Белый',38089,_binary '',_binary '\0'),(156,41,'https://svmebel.online/wp-content/uploads/2021/08/puf-grusha-seryj-s-printom-gazeta-sv-mebel.jpg','Пуф «Груша»',27284,_binary '',_binary '\0'),(157,42,'https://cdn.mebelstol.ru/upload/preview/p/puf-sharlotta-s-yashchikom-velyur-zelenyj_white_1_1.jpeg','Зеленый',17150,_binary '\0',_binary '\0'),(158,42,'https://cdn.mebelstol.ru/upload/preview/p/puf-sharlotta-s-yashchikom-velyur-rozovyj_white_1_1.jpeg','Розовый',93900,_binary '\0',_binary '\0'),(159,42,'https://cdn.mebelstol.ru/upload/preview/p/puf-sharlotta-s-yashchikom-velyur-seryj_white_1_1.jpeg','Серый',33049,_binary '',_binary '\0'),(160,43,'https://cdn.mebelstol.ru/upload/preview/k/knjhvfrd.jpg','c-221',68544,_binary '',_binary '\0'),(161,43,'https://cdn.mebelstol.ru/upload/preview/k/kjihgytfds.jpg','c-121',48575,_binary '',_binary '\0'),(162,43,'https://cdn.mebelstol.ru/upload/preview/n/njniuhvutfcugy.jpg','c-332',32244,_binary '',_binary '\0'),(163,44,'https://cdn.mebelstol.ru/upload/preview/c/catalog_11927942023020052010_1.jpg','Розовый',10496,_binary '\0',_binary '\0'),(164,44,'https://cdn.mebelstol.ru/upload/preview/c/catalog_11927942023020052013_1.jpg','Серый',45745,_binary '\0',_binary '\0'),(165,44,'https://cdn.mebelstol.ru/upload/preview/c/catalog_11927942023020052014_1.jpg','Зеленый',97237,_binary '\0',_binary '\0'),(166,45,'https://cdn.mebelstol.ru/upload/preview/2/25eb668d0f3c14ccdcbee66bf2e7b083_1.jpeg','Дуб ниагара',58949,_binary '',_binary '\0'),(167,46,'link','',93034,_binary '',_binary '\0'),(168,47,'https://cdn.mebelstol.ru/upload/preview/2/2023-02-15_17-48-10.jpg','Белый',93326,_binary '',_binary '\0'),(169,47,'https://cdn.mebelstol.ru/upload/preview/2/2023-02-15_18-55-20.jpg','Сонома',87525,_binary '',_binary '\0'),(170,47,'https://cdn.mebelstol.ru/upload/preview/2/2023-02-15_18-28-43.jpg','Венге',57648,_binary '',_binary '\0'),(171,48,'https://cdn.mebelstol.ru/upload/preview/4/4_1_32.jpg','Белый',20664,_binary '\0',_binary '\0'),(172,48,'https://cdn.mebelstol.ru/upload/preview/4/4_1_31.jpg','Сонома',20377,_binary '\0',_binary '\0'),(173,48,'https://cdn.mebelstol.ru/upload/preview/4/4_1_30.jpg','Венге',34893,_binary '',_binary '\0'),(174,49,'https://cdn.mebelstol.ru/upload/preview/m/mbi-kas-10_2.jpg','Белый',13336,_binary '\0',_binary '\0'),(175,49,'https://cdn.mebelstol.ru/upload/preview/k/kastor_10_sonoma_close.jpg','Сонома',51998,_binary '',_binary '\0'),(176,49,'https://cdn.mebelstol.ru/upload/preview/k/kastor_10_wenge_close.jpg','Венге',24982,_binary '',_binary '\0'),(177,50,'https://cdn.mebelstol.ru/upload/preview/4/4_487.jpg','Крафт',58915,_binary '',_binary '\0'),(178,51,'https://cdn.mebelstol.ru/upload/preview/1/1_768.jpg','венге/лоредо',24629,_binary '',_binary '\0'),(179,52,'https://cutt.ly/Gwic3CLP','дуб сонома',36401,_binary '',_binary '\0'),(180,53,'https://mebelony.ru/images/BTS_HOME/3%D0%9F%D1%80%D0%B8%D1%85%D0%BE%D0%B6%D0%B8%D0%B5/%D0%9B%D0%B8%D1%80%D0%B0_NEW/%D0%9B%D0%B8%D1%80%D0%B0-NEW.jpg','венге/лоредо',8118,_binary '',_binary '\0'),(182,55,'https://cutt.ly/Vwic3v95','лорпедо',77585,_binary '',_binary '\0'),(183,55,'Это уже ссылка на cutt.ly.','венге',33759,_binary '',_binary '\0'),(184,56,'file:///D:/Graduation%20project/back-end/Initializr/back_end/uploads/thumbnails/7/SV_Modern_new_Grifite_2.0-pzfCGstI-thumb.jpg',' ',32000,_binary '',_binary '\0'),(185,57,'file:///D:/Graduation%20project/back-end/Initializr/back_end/uploads/thumbnails/7/SV_Modern_new_Grifite_2.0-u9vRA1bp-thumb.jpg',' ',32000,_binary '\0',_binary '\0'),(186,58,'file:///D:/Graduation%20project/back-end/Initializr/back_end/uploads/thumbnails/10/58/front_side-rvtJuaei-thumb.jpg',' ',123000,_binary '',_binary '\0'),(187,59,'file:///D:/Graduation%20project/back-end/Initializr/back_end/uploads/thumbnails/10/BTS_SlidingDoor_wardrobe_Modern-2WhiteBG-Uh1XwQBj-thumb.jpg',' ',45000,_binary '',_binary '\0'),(188,12,'file:///D:/Graduation%20project/back-end/back_end/uploads/thumbnails/8/12/SHT-DS71-ckyv5Dct-thumb.jpg','Белый шоколад v.3',47300,_binary '',_binary '\0');
/*!40000 ALTER TABLE `variants_product` ENABLE KEYS */;
UNLOCK TABLES;

--
-- Temporary view structure for view `view_categories`
--

DROP TABLE IF EXISTS `view_categories`;
/*!50001 DROP VIEW IF EXISTS `view_categories`*/;
SET @saved_cs_client     = @@character_set_client;
/*!50503 SET character_set_client = utf8mb4 */;
/*!50001 CREATE VIEW `view_categories` AS SELECT 
 1 AS `id`,
 1 AS `name`,
 1 AS `subcategory_name`,
 1 AS `parent_category`,
 1 AS `parent_id`,
 1 AS `subcategory_id`*/;
SET character_set_client = @saved_cs_client;

--
-- Temporary view structure for view `view_products`
--

DROP TABLE IF EXISTS `view_products`;
/*!50001 DROP VIEW IF EXISTS `view_products`*/;
SET @saved_cs_client     = @@character_set_client;
/*!50503 SET character_set_client = utf8mb4 */;
/*!50001 CREATE VIEW `view_products` AS SELECT 
 1 AS `id`,
 1 AS `product_name`,
 1 AS `description`,
 1 AS `category`,
 1 AS `parent_category`,
 1 AS `producer_name`,
 1 AS `is_available`,
 1 AS `show_product`*/;
SET character_set_client = @saved_cs_client;

--
-- Temporary view structure for view `view_products_features`
--

DROP TABLE IF EXISTS `view_products_features`;
/*!50001 DROP VIEW IF EXISTS `view_products_features`*/;
SET @saved_cs_client     = @@character_set_client;
/*!50503 SET character_set_client = utf8mb4 */;
/*!50001 CREATE VIEW `view_products_features` AS SELECT 
 1 AS `product_id`,
 1 AS `product_name`,
 1 AS `description`,
 1 AS `category`,
 1 AS `parent_category`,
 1 AS `producer_name`,
 1 AS `is_available`,
 1 AS `show_product`,
 1 AS `feature`,
 1 AS `feature_value`*/;
SET character_set_client = @saved_cs_client;

--
-- Table structure for table `visitors`
--

DROP TABLE IF EXISTS `visitors`;
/*!40101 SET @saved_cs_client     = @@character_set_client */;
/*!50503 SET character_set_client = utf8mb4 */;
CREATE TABLE `visitors` (
  `id` int NOT NULL AUTO_INCREMENT,
  `ip_address` varchar(255) DEFAULT NULL,
  `fingerprint` varchar(255) DEFAULT NULL,
  `created_at` date DEFAULT NULL,
  `last_visit_at` date DEFAULT NULL,
  PRIMARY KEY (`id`)
) ENGINE=InnoDB AUTO_INCREMENT=11 DEFAULT CHARSET=utf8mb4 COLLATE=utf8mb4_0900_ai_ci;
/*!40101 SET character_set_client = @saved_cs_client */;

--
-- Dumping data for table `visitors`
--

LOCK TABLES `visitors` WRITE;
/*!40000 ALTER TABLE `visitors` DISABLE KEYS */;
INSERT INTO `visitors` VALUES (1,'','222222222222','2023-10-14','2023-10-14'),(2,'','333333333333333','2023-10-14','2023-10-14'),(3,'','444444444444','2023-10-15','2023-10-15'),(4,'','55555555555555','2023-10-15','2024-01-13'),(5,'','1234567890','2023-10-15','2023-10-15'),(6,'','232323232','2023-10-14','2023-10-14'),(7,'','2343455445','2023-10-14','2023-10-14'),(8,'','555555555','2023-10-16','2024-01-15'),(9,'','33333333333','2023-11-29','2024-01-15'),(10,'','4545454545554','2024-01-13','2024-01-13');
/*!40000 ALTER TABLE `visitors` ENABLE KEYS */;
UNLOCK TABLES;

--
-- Final view structure for view `view_categories`
--

/*!50001 DROP VIEW IF EXISTS `view_categories`*/;
/*!50001 SET @saved_cs_client          = @@character_set_client */;
/*!50001 SET @saved_cs_results         = @@character_set_results */;
/*!50001 SET @saved_col_connection     = @@collation_connection */;
/*!50001 SET character_set_client      = utf8mb4 */;
/*!50001 SET character_set_results     = utf8mb4 */;
/*!50001 SET collation_connection      = utf8mb4_0900_ai_ci */;
/*!50001 CREATE ALGORITHM=UNDEFINED */
/*!50013 DEFINER=`root`@`localhost` SQL SECURITY DEFINER */
/*!50001 VIEW `view_categories` AS select `categories`.`id` AS `id`,ifnull(`categories`.`category_name`,'---') AS `name`,ifnull(`subcategories`.`sub_name`,'---') AS `subcategory_name`,`parent_category`.`category_name` AS `parent_category`,`categories`.`parent_id` AS `parent_id`,`subcategories`.`id` AS `subcategory_id` from ((`categories` left join `subcategories` on((`categories`.`subcategory_id` = `subcategories`.`id`))) join `categories` `parent_category` on((`categories`.`parent_id` = `parent_category`.`id`))) */;
/*!50001 SET character_set_client      = @saved_cs_client */;
/*!50001 SET character_set_results     = @saved_cs_results */;
/*!50001 SET collation_connection      = @saved_col_connection */;

--
-- Final view structure for view `view_products`
--

/*!50001 DROP VIEW IF EXISTS `view_products`*/;
/*!50001 SET @saved_cs_client          = @@character_set_client */;
/*!50001 SET @saved_cs_results         = @@character_set_results */;
/*!50001 SET @saved_col_connection     = @@collation_connection */;
/*!50001 SET character_set_client      = utf8mb4 */;
/*!50001 SET character_set_results     = utf8mb4 */;
/*!50001 SET collation_connection      = utf8mb4_0900_ai_ci */;
/*!50001 CREATE ALGORITHM=UNDEFINED */
/*!50013 DEFINER=`root`@`localhost` SQL SECURITY DEFINER */
/*!50001 VIEW `view_products` AS select `products`.`id` AS `id`,`products`.`product_name` AS `product_name`,`products`.`description` AS `description`,ifnull(`categories`.`category_name`,`s`.`sub_name`) AS `category`,(select `cat`.`category_name` from `categories` `cat` where (`cat`.`id` = `categories`.`parent_id`)) AS `parent_category`,`producers`.`producer_name` AS `producer_name`,if((`products`.`is_available` = 1),'true','false') AS `is_available`,if((`products`.`show_product` = 1),'true','false') AS `show_product` from ((`products` join (`categories` left join `subcategories` `s` on((`categories`.`subcategory_id` = `s`.`id`))) on((`products`.`category_id` = `categories`.`id`))) join `producers` on((`products`.`producer_id` = `producers`.`id`))) */;
/*!50001 SET character_set_client      = @saved_cs_client */;
/*!50001 SET character_set_results     = @saved_cs_results */;
/*!50001 SET collation_connection      = @saved_col_connection */;

--
-- Final view structure for view `view_products_features`
--

/*!50001 DROP VIEW IF EXISTS `view_products_features`*/;
/*!50001 SET @saved_cs_client          = @@character_set_client */;
/*!50001 SET @saved_cs_results         = @@character_set_results */;
/*!50001 SET @saved_col_connection     = @@collation_connection */;
/*!50001 SET character_set_client      = utf8mb4 */;
/*!50001 SET character_set_results     = utf8mb4 */;
/*!50001 SET collation_connection      = utf8mb4_0900_ai_ci */;
/*!50001 CREATE ALGORITHM=UNDEFINED */
/*!50013 DEFINER=`root`@`localhost` SQL SECURITY DEFINER */
/*!50001 VIEW `view_products_features` AS select `products`.`id` AS `product_id`,`products`.`product_name` AS `product_name`,`products`.`description` AS `description`,ifnull(`categories`.`category_name`,`s`.`sub_name`) AS `category`,(select `cat`.`category_name` from `categories` `cat` where (`cat`.`id` = `categories`.`parent_id`)) AS `parent_category`,`producers`.`producer_name` AS `producer_name`,if((`products`.`is_available` = 1),'true','false') AS `is_available`,if((`products`.`show_product` = 1),'true','false') AS `show_product`,`p_attr`.`attr_name` AS `feature`,ifnull(`av`.`txt_values`,ifnull(`av`.`int_value`,ifnull(`av`.`float_value`,ifnull(`av`.`double_value`,ifnull(`av`.`bool_value`,`av`.`date_value`))))) AS `feature_value` from (((`products` join (`categories` left join `subcategories` `s` on((`categories`.`subcategory_id` = `s`.`id`))) on((`products`.`category_id` = `categories`.`id`))) join `producers` on((`products`.`producer_id` = `producers`.`id`))) join (`attributes_values` `av` join `products_attributes` `p_attr` on((`av`.`attribute_id` = `p_attr`.`id`))) on((`av`.`product_id` = `products`.`id`))) */;
/*!50001 SET character_set_client      = @saved_cs_client */;
/*!50001 SET character_set_results     = @saved_cs_results */;
/*!50001 SET collation_connection      = @saved_col_connection */;
/*!40103 SET TIME_ZONE=@OLD_TIME_ZONE */;

/*!40101 SET SQL_MODE=@OLD_SQL_MODE */;
/*!40014 SET FOREIGN_KEY_CHECKS=@OLD_FOREIGN_KEY_CHECKS */;
/*!40014 SET UNIQUE_CHECKS=@OLD_UNIQUE_CHECKS */;
/*!40101 SET CHARACTER_SET_CLIENT=@OLD_CHARACTER_SET_CLIENT */;
/*!40101 SET CHARACTER_SET_RESULTS=@OLD_CHARACTER_SET_RESULTS */;
/*!40101 SET COLLATION_CONNECTION=@OLD_COLLATION_CONNECTION */;
/*!40111 SET SQL_NOTES=@OLD_SQL_NOTES */;

-- Dump completed on 2024-01-15 18:51:46
